Arguments: 
  C:\nvm4w\nodejs\node.exe C:\Program Files\vtex\client\node_modules\yarn\bin\yarn.js --non-interactive --ignore-engines

PATH: 
  C:\Users\eduar\bin;C:\Program Files\Git\mingw64\bin;C:\Program Files\Git\usr\local\bin;C:\Program Files\Git\usr\bin;C:\Program Files\Git\usr\bin;C:\Program Files\Git\mingw64\bin;C:\Program Files\Git\usr\bin;C:\Users\eduar\bin;C:\Windows\system32;C:\Windows;C:\Windows\System32\Wbem;C:\Windows\System32\WindowsPowerShell\v1.0;C:\Windows\System32\OpenSSH;C:\Program Files\dotnet;C:\Program Files (x86)\NVIDIA Corporation\PhysX\Common;C:\Program Files\NVIDIA Corporation\NVIDIA app\NvDLISR;C:\Program Files\Git\cmd;C:\Users\eduar\AppData\Local\nvm;C:\nvm4w\nodejs;C:\Users\eduar\AppData\Local\Microsoft\WindowsApps;C:\Users\eduar\AppData\Local\Programs\Microsoft VS Code\bin;C:\Users\eduar\AppData\Local\nvm;C:\nvm4w\nodejs;C:\Program Files\vtex\bin;C:\Program Files\Git\usr\bin\vendor_perl;C:\Program Files\Git\usr\bin\core_perl

Yarn version: 
  1.22.10

Node version: 
  18.20.4

Platform: 
  win32 x64

Trace: 
  Error: EPERM: operation not permitted, lstat 'C:\Users\eduar\Projetos\Weonne\zenir-store-theme\react\node_modules\@emotion\babel-utils\node_modules\source-map\source-map.d.ts'

npm manifest: 
  {
    "name": "react-zenir",
    "version": "1.0.0",
    "main": "index.js",
    "license": "MIT",
    "devDependencies": {
      "@types/classnames": "^2.2.9",
      "@types/debounce": "^1.2.0",
      "@types/jest": "^24.0.18",
      "@types/jquery": "^3.5.14",
      "@types/js-cookie": "^3.0.1",
      "@types/node": "^12.7.5",
      "@types/react": "^16.9.2",
      "@types/react-collapse": "^5.0.1",
      "@types/react-dom": "^16.9.0",
      "@types/react-input-mask": "^3.0.2",
      "vtex.add-to-cart-button": "http://vtex.vtexassets.com/_v/public/typings/v1/vtex.add-to-cart-button@0.30.1/public/@types/vtex.add-to-cart-button",
      "vtex.breadcrumb": "http://vtex.vtexassets.com/_v/public/typings/v1/vtex.breadcrumb@1.9.4/public/@types/vtex.breadcrumb",
      "vtex.carousel": "http://vtex.vtexassets.com/_v/public/typings/v1/vtex.carousel@2.12.1/public/@types/vtex.carousel",
      "vtex.category-menu": "http://vtex.vtexassets.com/_v/public/typings/v1/vtex.category-menu@2.18.0/public/@types/vtex.category-menu",
      "vtex.checkout-resources": "http://vtex.vtexassets.com/_v/public/typings/v1/vtex.checkout-resources@0.49.0/public/@types/vtex.checkout-resources",
      "vtex.condition-layout": "http://vtex.vtexassets.com/_v/public/typings/v1/vtex.condition-layout@2.8.0/public/@types/vtex.condition-layout",
      "vtex.css-handles": "http://vtex.vtexassets.com/_v/public/typings/v1/vtex.css-handles@1.0.0/public/@types/vtex.css-handles",
      "vtex.device-detector": "http://vtex.vtexassets.com/_v/public/typings/v1/vtex.device-detector@0.2.6/public/@types/vtex.device-detector",
      "vtex.disclosure-layout": "http://vtex.vtexassets.com/_v/public/typings/v1/vtex.disclosure-layout@1.0.3/public/@types/vtex.disclosure-layout",
      "vtex.flex-layout": "http://vtex.vtexassets.com/_v/public/typings/v1/vtex.flex-layout@0.21.3/public/@types/vtex.flex-layout",
      "vtex.iframe": "http://vtex.vtexassets.com/_v/public/typings/v1/vtex.iframe@0.5.0/public/@types/vtex.iframe",
      "vtex.just-a-div": "http://vtex.vtexassets.com/_v/public/typings/v1/vtex.just-a-div@0.1.0/public/@types/vtex.just-a-div",
      "vtex.list-context": "http://vtex.vtexassets.com/_v/public/typings/v1/vtex.list-context@0.2.0/public/@types/vtex.list-context",
      "vtex.locale-switcher": "http://vtex.vtexassets.com/_v/public/typings/v1/vtex.locale-switcher@0.5.6/public/@types/vtex.locale-switcher",
      "vtex.login": "http://vtex.vtexassets.com/_v/public/typings/v1/vtex.login@2.56.2/public/@types/vtex.login",
      "vtex.mega-menu": "http://vtex.vtexassets.com/_v/public/typings/v1/vtex.mega-menu@2.9.0/public/@types/vtex.mega-menu",
      "vtex.menu": "http://vtex.vtexassets.com/_v/public/typings/v1/vtex.menu@2.35.1/public/@types/vtex.menu",
      "vtex.minicart": "http://vtex.vtexassets.com/_v/public/typings/v1/vtex.minicart@2.67.1/public/@types/vtex.minicart",
      "vtex.modal-layout": "http://vtex.vtexassets.com/_v/public/typings/v1/vtex.modal-layout@0.14.0/public/@types/vtex.modal-layout",
      "vtex.my-account": "http://vtex.vtexassets.com/_v/public/typings/v1/vtex.my-account@1.25.0/public/@types/vtex.my-account",
      "vtex.order-items": "http://vtex.vtexassets.com/_v/public/typings/v1/vtex.order-items@0.13.21/public/@types/vtex.order-items",
      "vtex.order-manager": "http://vtex.vtexassets.com/_v/public/typings/v1/vtex.order-manager@0.12.0/public/@types/vtex.order-manager",
      "vtex.order-placed": "http://vtex.vtexassets.com/_v/public/typings/v1/vtex.order-placed@2.17.0/public/@types/vtex.order-placed",
      "vtex.pixel-manager": "http://vtex.vtexassets.com/_v/public/typings/v1/vtex.pixel-manager@1.9.0/public/@types/vtex.pixel-manager",
      "vtex.product-context": "http://vtex.vtexassets.com/_v/public/typings/v1/vtex.product-context@0.10.0/public/@types/vtex.product-context",
      "vtex.product-details": "http://vtex.vtexassets.com/_v/public/typings/v1/vtex.product-details@1.22.0/public/@types/vtex.product-details",
      "vtex.product-highlights": "http://vtex.vtexassets.com/_v/public/typings/v1/vtex.product-highlights@2.3.0/public/@types/vtex.product-highlights",
      "vtex.product-identifier": "http://vtex.vtexassets.com/_v/public/typings/v1/vtex.product-identifier@0.5.0/public/@types/vtex.product-identifier",
      "vtex.product-kit": "http://vtex.vtexassets.com/_v/public/typings/v1/vtex.product-kit@1.10.2/public/_types/react",
      "vtex.product-price": "http://vtex.vtexassets.com/_v/public/typings/v1/vtex.product-price@1.31.0/public/@types/vtex.product-price",
      "vtex.product-quantity": "http://vtex.vtexassets.com/_v/public/typings/v1/vtex.product-quantity@1.9.0/public/@types/vtex.product-quantity",
      "vtex.product-review-interfaces": "http://vtex.vtexassets.com/_v/public/typings/v1/vtex.product-review-interfaces@1.0.2/public/_types/react",
      "vtex.product-specification-badges": "http://vtex.vtexassets.com/_v/public/typings/v1/vtex.product-specification-badges@0.3.0/public/@types/vtex.product-specification-badges",
      "vtex.product-specifications": "http://vtex.vtexassets.com/_v/public/typings/v1/vtex.product-specifications@1.1.1/public/@types/vtex.product-specifications",
      "vtex.product-summary": "http://vtex.vtexassets.com/_v/public/typings/v1/vtex.product-summary@2.83.1/public/@types/vtex.product-summary",
      "vtex.render-runtime": "http://vtex.vtexassets.com/_v/public/typings/v1/vtex.render-runtime@8.132.4/public/@types/vtex.render-runtime",
      "vtex.responsive-layout": "http://vtex.vtexassets.com/_v/public/typings/v1/vtex.responsive-layout@0.1.2/public/@types/vtex.responsive-layout",
      "vtex.reviews-and-ratings": "http://vtex.vtexassets.com/_v/public/typings/v1/vtex.reviews-and-ratings@3.13.0/public/@types/vtex.reviews-and-ratings",
      "vtex.rich-text": "http://vtex.vtexassets.com/_v/public/typings/v1/vtex.rich-text@0.16.0/public/@types/vtex.rich-text",
      "vtex.sandbox": "http://vtex.vtexassets.com/_v/public/typings/v1/vtex.sandbox@0.5.1/public/@types/vtex.sandbox",
      "vtex.search": "http://vtex.vtexassets.com/_v/public/typings/v1/vtex.search@2.16.0/public/@types/vtex.search",
      "vtex.search-graphql": "http://vtex.vtexassets.com/_v/public/typings/v1/vtex.search-graphql@0.52.0/public/@types/vtex.search-graphql",
      "vtex.search-result": "http://vtex.vtexassets.com/_v/public/typings/v1/vtex.search-result@3.122.0/public/@types/vtex.search-result",
      "vtex.shelf": "http://vtex.vtexassets.com/_v/public/typings/v1/vtex.shelf@1.47.3/public/@types/vtex.shelf",
      "vtex.shelf-components": "http://vtex.vtexassets.com/_v/public/typings/v1/vtex.shelf-components@0.10.0/public/@types/vtex.shelf-components",
      "vtex.slider": "http://vtex.vtexassets.com/_v/public/typings/v1/vtex.slider@0.8.3/public/@types/vtex.slider",
      "vtex.slider-layout": "http://vtex.vtexassets.com/_v/public/typings/v1/vtex.slider-layout@0.24.3/public/@types/vtex.slider-layout",
      "vtex.stack-layout": "http://vtex.vtexassets.com/_v/public/typings/v1/vtex.stack-layout@0.1.0/public/@types/vtex.stack-layout",
      "vtex.sticky-layout": "http://vtex.vtexassets.com/_v/public/typings/v1/vtex.sticky-layout@0.3.4/public/@types/vtex.sticky-layout",
      "vtex.store": "http://vtex.vtexassets.com/_v/public/typings/v1/vtex.store@2.131.1/public/@types/vtex.store",
      "vtex.store-components": "http://vtex.vtexassets.com/_v/public/typings/v1/vtex.store-components@3.169.0/public/@types/vtex.store-components",
      "vtex.store-drawer": "http://vtex.vtexassets.com/_v/public/typings/v1/vtex.store-drawer@0.16.2/public/@types/vtex.store-drawer",
      "vtex.store-footer": "http://vtex.vtexassets.com/_v/public/typings/v1/vtex.store-footer@2.27.0/public/@types/vtex.store-footer",
      "vtex.store-graphql": "http://vtex.vtexassets.com/_v/public/typings/v1/vtex.store-graphql@2.161.2/public/@types/vtex.store-graphql",
      "vtex.store-header": "http://vtex.vtexassets.com/_v/public/typings/v1/vtex.store-header@2.29.0/public/@types/vtex.store-header",
      "vtex.store-icons": "http://vtex.vtexassets.com/_v/public/typings/v1/vtex.store-icons@0.18.0/public/@types/vtex.store-icons",
      "vtex.store-image": "http://vtex.vtexassets.com/_v/public/typings/v1/vtex.store-image@0.20.0/public/@types/vtex.store-image",
      "vtex.store-link": "http://vtex.vtexassets.com/_v/public/typings/v1/vtex.store-link@0.9.3/public/@types/vtex.store-link",
      "vtex.store-locator": "http://vtex.vtexassets.com/_v/public/typings/v1/vtex.store-locator@0.10.15/public/@types/vtex.store-locator",
      "vtex.store-newsletter": "http://vtex.vtexassets.com/_v/public/typings/v1/vtex.store-newsletter@1.3.0/public/@types/vtex.store-newsletter",
      "vtex.styleguide": "http://vtex.vtexassets.com/_v/public/typings/v1/vtex.styleguide@9.146.4/public/@types/vtex.styleguide",
      "vtex.tab-layout": "http://vtex.vtexassets.com/_v/public/typings/v1/vtex.tab-layout@0.4.3/public/@types/vtex.tab-layout",
      "vtex.telemarketing": "http://vtex.vtexassets.com/_v/public/typings/v1/vtex.telemarketing@2.12.0/public/@types/vtex.telemarketing",
      "vtex.visibility-layout": "http://vtex.vtexassets.com/_v/public/typings/v1/vtex.visibility-layout@0.2.1/public/@types/vtex.visibility-layout",
      "vtex.wish-list": "http://vtex.vtexassets.com/_v/public/typings/v1/vtex.wish-list@1.16.0/public/@types/vtex.wish-list"
    },
    "dependencies": {
      "@types/axios": "^0.14.0",
      "@types/react-cookies": "^0.1.0",
      "@types/react-helmet": "^6.1.5",
      "@types/uuid": "^8.3.4",
      "@vtex/css-handles": "^1.0.0",
      "@vtex/styleguide": "^9.146.0",
      "axios": "^0.27.2",
      "classnames": "^2.2.5",
      "history": "^5.3.0",
      "js-cookie": "^3.0.1",
      "prop-types": "^15.8.1",
      "react": "^16.3.2",
      "react-apollo": "^3.1.3",
      "react-collapse": "^5.1.1",
      "react-cookie": "^4.1.1",
      "react-cookies": "^0.1.1",
      "react-dom": "^16.8.3",
      "react-graphql": "^0.0.3",
      "react-helmet": "^6.1.0",
      "react-input-mask": "^2.0.4",
      "react-intl": "^7.1.11",
      "react-loading": "^2.0.3",
      "react-spinners": "^0.13.8",
      "react-tabs": "^6.0.0",
      "slugify": "^1.3.4",
      "swiper": "^9.2.4",
      "uuid": "^8.3.2"
    }
  }

yarn manifest: 
  No manifest

Lockfile: 
  # THIS IS AN AUTOGENERATED FILE. DO NOT EDIT THIS FILE DIRECTLY.
  # yarn lockfile v1
  
  
  "@apollo/react-common@^3.1.4":
    version "3.1.4"
    resolved "https://registry.yarnpkg.com/@apollo/react-common/-/react-common-3.1.4.tgz#ec13c985be23ea8e799c9ea18e696eccc97be345"
    integrity sha512-X5Kyro73bthWSCBJUC5XYQqMnG0dLWuDZmVkzog9dynovhfiVCV4kPSdgSIkqnb++cwCzOVuQ4rDKVwo2XRzQA==
    dependencies:
      ts-invariant "^0.4.4"
      tslib "^1.10.0"
  
  "@apollo/react-components@^3.1.5":
    version "3.1.5"
    resolved "https://registry.yarnpkg.com/@apollo/react-components/-/react-components-3.1.5.tgz#040d2f35ce4947747efe16f76d59dcbd797ffdaf"
    integrity sha512-c82VyUuE9VBnJB7bnX+3dmwpIPMhyjMwyoSLyQWPHxz8jK4ak30XszJtqFf4eC4hwvvLYa+Ou6X73Q8V8e2/jg==
    dependencies:
      "@apollo/react-common" "^3.1.4"
      "@apollo/react-hooks" "^3.1.5"
      prop-types "^15.7.2"
      ts-invariant "^0.4.4"
      tslib "^1.10.0"
  
  "@apollo/react-hoc@^3.1.5":
    version "3.1.5"
    resolved "https://registry.yarnpkg.com/@apollo/react-hoc/-/react-hoc-3.1.5.tgz#6552d2fb4aafc59fdc8f4e353358b98b89cfab6f"
    integrity sha512-jlZ2pvEnRevLa54H563BU0/xrYSgWQ72GksarxUzCHQW85nmn9wQln0kLBX7Ua7SBt9WgiuYQXQVechaaCulfQ==
    dependencies:
      "@apollo/react-common" "^3.1.4"
      "@apollo/react-components" "^3.1.5"
      hoist-non-react-statics "^3.3.0"
      ts-invariant "^0.4.4"
      tslib "^1.10.0"
  
  "@apollo/react-hooks@^3.1.5":
    version "3.1.5"
    resolved "https://registry.yarnpkg.com/@apollo/react-hooks/-/react-hooks-3.1.5.tgz#7e710be52461255ae7fc0b3b9c2ece64299c10e6"
    integrity sha512-y0CJ393DLxIIkksRup4nt+vSjxalbZBXnnXxYbviq/woj+zKa431zy0yT4LqyRKpFy9ahMIwxBnBwfwIoupqLQ==
    dependencies:
      "@apollo/react-common" "^3.1.4"
      "@wry/equality" "^0.1.9"
      ts-invariant "^0.4.4"
      tslib "^1.10.0"
  
  "@apollo/react-ssr@^3.1.5":
    version "3.1.5"
    resolved "https://registry.yarnpkg.com/@apollo/react-ssr/-/react-ssr-3.1.5.tgz#53703cd493afcde567acc6d5512cab03dafce6de"
    integrity sha512-wuLPkKlctNn3u8EU8rlECyktpOUCeekFfb0KhIKknpGY6Lza2Qu0bThx7D9MIbVEzhKadNNrzLcpk0Y8/5UuWg==
    dependencies:
      "@apollo/react-common" "^3.1.4"
      "@apollo/react-hooks" "^3.1.5"
      tslib "^1.10.0"
  
  "@babel/code-frame@^7.0.0":
    version "7.16.7"
    resolved "https://registry.yarnpkg.com/@babel/code-frame/-/code-frame-7.16.7.tgz#44416b6bd7624b998f5b1af5d470856c40138789"
    integrity sha512-iAXqUn8IIeBTNd72xsFlgaXHkMBMt6y4HJp1tIaK465CWLT/fG1aqB7ykr95gHHmlBdGbFeWWfyB4NJJ0nmeIg==
    dependencies:
      "@babel/highlight" "^7.16.7"
  
  "@babel/helper-module-imports@^7.0.0":
    version "7.16.7"
    resolved "https://registry.yarnpkg.com/@babel/helper-module-imports/-/helper-module-imports-7.16.7.tgz#25612a8091a999704461c8a222d0efec5d091437"
    integrity sha512-LVtS6TqjJHFc+nYeITRo6VLXve70xmq7wPhWTqDJusJEgGmkAACWwMiTNrvfoQo6hEhFwAIixNkvB0jPXDL8Wg==
    dependencies:
      "@babel/types" "^7.16.7"
  
  "@babel/helper-validator-identifier@^7.16.7":
    version "7.16.7"
    resolved "https://registry.yarnpkg.com/@babel/helper-validator-identifier/-/helper-validator-identifier-7.16.7.tgz#e8c602438c4a8195751243da9031d1607d247cad"
    integrity sha512-hsEnFemeiW4D08A5gUAZxLBTXpZ39P+a+DGDsHw1yxqyQ/jzFEnxf5uTEGp+3bzAbNOxU1paTgYS4ECU/IgfDw==
  
  "@babel/highlight@^7.16.7":
    version "7.17.12"
    resolved "https://registry.yarnpkg.com/@babel/highlight/-/highlight-7.17.12.tgz#257de56ee5afbd20451ac0a75686b6b404257351"
    integrity sha512-7yykMVF3hfZY2jsHZEEgLc+3x4o1O+fYyULu11GynEUQNwB6lua+IIQn1FiJxNucd5UlyJryrwsOh8PL9Sn8Qg==
    dependencies:
      "@babel/helper-validator-identifier" "^7.16.7"
      chalk "^2.0.0"
      js-tokens "^4.0.0"
  
  "@babel/runtime@^7.1.2", "@babel/runtime@^7.4.5", "@babel/runtime@^7.7.2", "@babel/runtime@^7.7.6", "@babel/runtime@^7.8.7":
    version "7.18.3"
    resolved "https://registry.yarnpkg.com/@babel/runtime/-/runtime-7.18.3.tgz#c7b654b57f6f63cf7f8b418ac9ca04408c4579f4"
    integrity sha512-38Y8f7YUhce/K7RMwTp7m0uCumpv9hZkitCbBClqQIow1qSbCvGkcegKOXpEWCQLfWmevgRiWokZ1GkpfhbZug==
    dependencies:
      regenerator-runtime "^0.13.4"
  
  "@babel/types@^7.16.7":
    version "7.18.4"
    resolved "https://registry.yarnpkg.com/@babel/types/-/types-7.18.4.tgz#27eae9b9fd18e9dccc3f9d6ad051336f307be354"
    integrity sha512-ThN1mBcMq5pG/Vm2IcBmPPfyPXbd8S02rS+OBIDENdufvqC7Z/jHPCv9IcP01277aKtDI8g/2XysBN4hA8niiw==
    dependencies:
      "@babel/helper-validator-identifier" "^7.16.7"
      to-fast-properties "^2.0.0"
  
  "@emotion/babel-utils@^0.6.4":
    version "0.6.10"
    resolved "https://registry.yarnpkg.com/@emotion/babel-utils/-/babel-utils-0.6.10.tgz#83dbf3dfa933fae9fc566e54fbb45f14674c6ccc"
    integrity sha512-/fnkM/LTEp3jKe++T0KyTszVGWNKPNOUJfjNKLO17BzQ6QPxgbg3whayom1Qr2oLFH3V92tDymU+dT5q676uow==
    dependencies:
      "@emotion/hash" "^0.6.6"
      "@emotion/memoize" "^0.6.6"
      "@emotion/serialize" "^0.9.1"
      convert-source-map "^1.5.1"
      find-root "^1.1.0"
      source-map "^0.7.2"
  
  "@emotion/hash@^0.6.2", "@emotion/hash@^0.6.6":
    version "0.6.6"
    resolved "https://registry.yarnpkg.com/@emotion/hash/-/hash-0.6.6.tgz#62266c5f0eac6941fece302abad69f2ee7e25e44"
    integrity sha512-ojhgxzUHZ7am3D2jHkMzPpsBAiB005GF5YU4ea+8DNPybMk01JJUM9V9YRlF/GE95tcOm8DxQvWA2jq19bGalQ==
  
  "@emotion/memoize@^0.6.1", "@emotion/memoize@^0.6.6":
    version "0.6.6"
    resolved "https://registry.yarnpkg.com/@emotion/memoize/-/memoize-0.6.6.tgz#004b98298d04c7ca3b4f50ca2035d4f60d2eed1b"
    integrity sha512-h4t4jFjtm1YV7UirAFuSuFGyLa+NNxjdkq6DpFLANNQY5rHueFZHVY+8Cu1HYVP6DrheB0kv4m5xPjo7eKT7yQ==
  
  "@emotion/serialize@^0.9.1":
    version "0.9.1"
    resolved "https://registry.yarnpkg.com/@emotion/serialize/-/serialize-0.9.1.tgz#a494982a6920730dba6303eb018220a2b629c145"
    integrity sha512-zTuAFtyPvCctHBEL8KZ5lJuwBanGSutFEncqLn/m9T1a6a93smBStK+bZzcNPgj4QS8Rkw9VTwJGhRIUVO8zsQ==
    dependencies:
      "@emotion/hash" "^0.6.6"
      "@emotion/memoize" "^0.6.6"
      "@emotion/unitless" "^0.6.7"
      "@emotion/utils" "^0.8.2"
  
  "@emotion/stylis@^0.7.0":
    version "0.7.1"
    resolved "https://registry.yarnpkg.com/@emotion/stylis/-/stylis-0.7.1.tgz#50f63225e712d99e2b2b39c19c70fff023793ca5"
    integrity sha512-/SLmSIkN13M//53TtNxgxo57mcJk/UJIDFRKwOiLIBEyBHEcipgR6hNMQ/59Sl4VjCJ0Z/3zeAZyvnSLPG/1HQ==
  
  "@emotion/unitless@^0.6.2", "@emotion/unitless@^0.6.7":
    version "0.6.7"
    resolved "https://registry.yarnpkg.com/@emotion/unitless/-/unitless-0.6.7.tgz#53e9f1892f725b194d5e6a1684a7b394df592397"
    integrity sha512-Arj1hncvEVqQ2p7Ega08uHLr1JuRYBuO5cIvcA+WWEQ5+VmkOE3ZXzl04NbQxeQpWX78G7u6MqxKuNX3wvYZxg==
  
  "@emotion/utils@^0.8.2":
    version "0.8.2"
    resolved "https://registry.yarnpkg.com/@emotion/utils/-/utils-0.8.2.tgz#576ff7fb1230185b619a75d258cbc98f0867a8dc"
    integrity sha512-rLu3wcBWH4P5q1CGoSSH/i9hrXs7SlbRLkoq9IGuoPYNGQvDJ3pt/wmOM+XgYjIDRMVIdkUWt0RsfzF50JfnCw==
  
  "@formatjs/ecma402-abstract@2.3.4":
    version "2.3.4"
    resolved "https://registry.yarnpkg.com/@formatjs/ecma402-abstract/-/ecma402-abstract-2.3.4.tgz#e90c5a846ba2b33d92bc400fdd709da588280fbc"
    integrity sha512-qrycXDeaORzIqNhBOx0btnhpD1c+/qFIHAN9znofuMJX6QBwtbrmlpWfD4oiUUD2vJUOIYFA/gYtg2KAMGG7sA==
    dependencies:
      "@formatjs/fast-memoize" "2.2.7"
      "@formatjs/intl-localematcher" "0.6.1"
      decimal.js "^10.4.3"
      tslib "^2.8.0"
  
  "@formatjs/fast-memoize@2.2.7":
    version "2.2.7"
    resolved "https://registry.yarnpkg.com/@formatjs/fast-memoize/-/fast-memoize-2.2.7.tgz#707f9ddaeb522a32f6715bb7950b0831f4cc7b15"
    integrity sha512-Yabmi9nSvyOMrlSeGGWDiH7rf3a7sIwplbvo/dlz9WCIjzIQAfy1RMf4S0X3yG724n5Ghu2GmEl5NJIV6O9sZQ==
    dependencies:
      tslib "^2.8.0"
  
  "@formatjs/icu-messageformat-parser@2.11.2":
    version "2.11.2"
    resolved "https://registry.yarnpkg.com/@formatjs/icu-messageformat-parser/-/icu-messageformat-parser-2.11.2.tgz#85aea211bea40aa81ee1d44ac7accc3cf5500a73"
    integrity sha512-AfiMi5NOSo2TQImsYAg8UYddsNJ/vUEv/HaNqiFjnI3ZFfWihUtD5QtuX6kHl8+H+d3qvnE/3HZrfzgdWpsLNA==
    dependencies:
      "@formatjs/ecma402-abstract" "2.3.4"
      "@formatjs/icu-skeleton-parser" "1.8.14"
      tslib "^2.8.0"
  
  "@formatjs/icu-skeleton-parser@1.8.14":
    version "1.8.14"
    resolved "https://registry.yarnpkg.com/@formatjs/icu-skeleton-parser/-/icu-skeleton-parser-1.8.14.tgz#b9581d00363908efb29817fdffc32b79f41dabe5"
    integrity sha512-i4q4V4qslThK4Ig8SxyD76cp3+QJ3sAqr7f6q9VVfeGtxG9OhiAk3y9XF6Q41OymsKzsGQ6OQQoJNY4/lI8TcQ==
    dependencies:
      "@formatjs/ecma402-abstract" "2.3.4"
      tslib "^2.8.0"
  
  "@formatjs/intl-localematcher@0.6.1":
    version "0.6.1"
    resolved "https://registry.yarnpkg.com/@formatjs/intl-localematcher/-/intl-localematcher-0.6.1.tgz#25dc30675320bf65a9d7f73876fc1e4064c0e299"
    integrity sha512-ePEgLgVCqi2BBFnTMWPfIghu6FkbZnnBVhO2sSxvLfrdFw7wCHAHiDoM2h4NRgjbaY7+B7HgOLZGkK187pZTZg==
    dependencies:
      tslib "^2.8.0"
  
  "@formatjs/intl@3.1.6":
    version "3.1.6"
    resolved "https://registry.yarnpkg.com/@formatjs/intl/-/intl-3.1.6.tgz#4c7fec6f082628cfa80871fbe7f9bc2644300e3b"
    integrity sha512-tDkXnA4qpIFcDWac8CyVJq6oW8DR7W44QDUBsfXWIIJD/FYYen0QoH46W7XsVMFfPOVKkvbufjboZrrWbEfmww==
    dependencies:
      "@formatjs/ecma402-abstract" "2.3.4"
      "@formatjs/fast-memoize" "2.2.7"
      "@formatjs/icu-messageformat-parser" "2.11.2"
      intl-messageformat "10.7.16"
      tslib "^2.8.0"
  
  "@hypnosphi/create-react-context@^0.3.1":
    version "0.3.1"
    resolved "https://registry.yarnpkg.com/@hypnosphi/create-react-context/-/create-react-context-0.3.1.tgz#f8bfebdc7665f5d426cba3753e0e9c7d3154d7c6"
    integrity sha512-V1klUed202XahrWJLLOT3EXNeCpFHCcJntdFGI15ntCwau+jfT386w7OFTMaCqOgXUH1fa0w/I1oZs+i/Rfr0A==
    dependencies:
      gud "^1.0.0"
      warning "^4.0.3"
  
  "@icons/material@^0.2.4":
    version "0.2.4"
    resolved "https://registry.yarnpkg.com/@icons/material/-/material-0.2.4.tgz#e90c9f71768b3736e76d7dd6783fc6c2afa88bc8"
    integrity sha512-QPcGmICAPbGLGb6F/yNf/KzKqvFx8z5qx3D1yFqVAjoFmXK35EgyW+cJ57Te3CNsmzblwtzakLGFqHPqrfb4Tw==
  
  "@jest/types@^24.9.0":
    version "24.9.0"
    resolved "https://registry.yarnpkg.com/@jest/types/-/types-24.9.0.tgz#63cb26cb7500d069e5a389441a7c6ab5e909fc59"
    integrity sha512-XKK7ze1apu5JWQ5eZjHITP66AX+QsLlbaJRBGYr8pNzwcAE2JVkwnf0yqjHTsDRcjR0mujy/NmZMXw5kl+kGBw==
    dependencies:
      "@types/istanbul-lib-coverage" "^2.0.0"
      "@types/istanbul-reports" "^1.1.1"
      "@types/yargs" "^13.0.0"
  
  "@types/axios@^0.14.0":
    version "0.14.0"
    resolved "https://registry.yarnpkg.com/@types/axios/-/axios-0.14.0.tgz#ec2300fbe7d7dddd7eb9d3abf87999964cafce46"
    integrity sha512-KqQnQbdYE54D7oa/UmYVMZKq7CO4l8DEENzOKc4aBRwxCXSlJXGz83flFx5L7AWrOQnmuN3kVsRdt+GZPPjiVQ==
    dependencies:
      axios "*"
  
  "@types/body-parser@*":
    version "1.19.2"
    resolved "https://registry.yarnpkg.com/@types/body-parser/-/body-parser-1.19.2.tgz#aea2059e28b7658639081347ac4fab3de166e6f0"
    integrity sha512-ALYone6pm6QmwZoAgeyNksccT9Q4AWZQ6PvfwR37GT6r6FWUPguq6sUmNGSMV2Wr761oQoBxwGGa6DR5o1DC9g==
    dependencies:
      "@types/connect" "*"
      "@types/node" "*"
  
  "@types/classnames@^2.2.9":
    version "2.3.1"
    resolved "https://registry.yarnpkg.com/@types/classnames/-/classnames-2.3.1.tgz#3c2467aa0f1a93f1f021e3b9bcf938bd5dfdc0dd"
    integrity sha512-zeOWb0JGBoVmlQoznvqXbE0tEC/HONsnoUNH19Hc96NFsTAwTXbTqb8FMYkru1F/iqp7a18Ws3nWJvtA1sHD1A==
    dependencies:
      classnames "*"
  
  "@types/connect@*":
    version "3.4.35"
    resolved "https://registry.yarnpkg.com/@types/connect/-/connect-3.4.35.tgz#5fcf6ae445e4021d1fc2219a4873cc73a3bb2ad1"
    integrity sha512-cdeYyv4KWoEgpBISTxWvqYsVy444DOqehiF3fM3ne10AmJ62RSyNkUnxMJXHQWRQQX2eR94m5y1IZyDwBjV9FQ==
    dependencies:
      "@types/node" "*"
  
  "@types/cookie@*":
    version "0.5.1"
    resolved "https://registry.yarnpkg.com/@types/cookie/-/cookie-0.5.1.tgz#b29aa1f91a59f35e29ff8f7cb24faf1a3a750554"
    integrity sha512-COUnqfB2+ckwXXSFInsFdOAWQzCCx+a5hq2ruyj+Vjund94RJQd4LG2u9hnvJrTgunKAaax7ancBYlDrNYxA0g==
  
  "@types/cookie@^0.3.3":
    version "0.3.3"
    resolved "https://registry.yarnpkg.com/@types/cookie/-/cookie-0.3.3.tgz#85bc74ba782fb7aa3a514d11767832b0e3bc6803"
    integrity sha512-LKVP3cgXBT9RYj+t+9FDKwS5tdI+rPBXaNSkma7hvqy35lc7mAokC2zsqWJH0LaqIt3B962nuYI77hsJoT1gow==
  
  "@types/debounce@^1.2.0":
    version "1.2.1"
    resolved "https://registry.yarnpkg.com/@types/debounce/-/debounce-1.2.1.tgz#79b65710bc8b6d44094d286aecf38e44f9627852"
    integrity sha512-epMsEE85fi4lfmJUH/89/iV/LI+F5CvNIvmgs5g5jYFPfhO2S/ae8WSsLOKWdwtoaZw9Q2IhJ4tQ5tFCcS/4HA==
  
  "@types/express-serve-static-core@^4.17.18":
    version "4.17.28"
    resolved "https://registry.yarnpkg.com/@types/express-serve-static-core/-/express-serve-static-core-4.17.28.tgz#c47def9f34ec81dc6328d0b1b5303d1ec98d86b8"
    integrity sha512-P1BJAEAW3E2DJUlkgq4tOL3RyMunoWXqbSCygWo5ZIWTjUgN1YnaXWW4VWl/oc8vs/XoYibEGBKP0uZyF4AHig==
    dependencies:
      "@types/node" "*"
      "@types/qs" "*"
      "@types/range-parser" "*"
  
  "@types/express@*":
    version "4.17.13"
    resolved "https://registry.yarnpkg.com/@types/express/-/express-4.17.13.tgz#a76e2995728999bab51a33fabce1d705a3709034"
    integrity sha512-6bSZTPaTIACxn48l50SR+axgrqm6qXFIxrdAKaG6PaJk3+zuUr35hBlgT7vOmJcum+OEaIBLtHV/qloEAFITeA==
    dependencies:
      "@types/body-parser" "*"
      "@types/express-serve-static-core" "^4.17.18"
      "@types/qs" "*"
      "@types/serve-static" "*"
  
  "@types/hoist-non-react-statics@^3.0.1":
    version "3.3.1"
    resolved "https://registry.yarnpkg.com/@types/hoist-non-react-statics/-/hoist-non-react-statics-3.3.1.tgz#1124aafe5118cb591977aeb1ceaaed1070eb039f"
    integrity sha512-iMIqiko6ooLrTh1joXodJK5X9xeEALT1kM5G3ZLhD3hszxBdIEd5C75U834D9mLcINgD4OyZf5uQXjkuYydWvA==
    dependencies:
      "@types/react" "*"
      hoist-non-react-statics "^3.3.0"
  
  "@types/hoist-non-react-statics@^3.3.1":
    version "3.3.6"
    resolved "https://registry.yarnpkg.com/@types/hoist-non-react-statics/-/hoist-non-react-statics-3.3.6.tgz#6bba74383cdab98e8db4e20ce5b4a6b98caed010"
    integrity sha512-lPByRJUer/iN/xa4qpyL0qmL11DqNW81iU/IG1S3uvRUq4oKagz8VCxZjiWkumgt66YT3vOdDgZ0o32sGKtCEw==
    dependencies:
      "@types/react" "*"
      hoist-non-react-statics "^3.3.0"
  
  "@types/istanbul-lib-coverage@*", "@types/istanbul-lib-coverage@^2.0.0":
    version "2.0.4"
    resolved "https://registry.yarnpkg.com/@types/istanbul-lib-coverage/-/istanbul-lib-coverage-2.0.4.tgz#8467d4b3c087805d63580480890791277ce35c44"
    integrity sha512-z/QT1XN4K4KYuslS23k62yDIDLwLFkzxOuMplDtObz0+y7VqJCaO2o+SPwHCvLFZh7xazvvoor2tA/hPz9ee7g==
  
  "@types/istanbul-lib-report@*":
    version "3.0.0"
    resolved "https://registry.yarnpkg.com/@types/istanbul-lib-report/-/istanbul-lib-report-3.0.0.tgz#c14c24f18ea8190c118ee7562b7ff99a36552686"
    integrity sha512-plGgXAPfVKFoYfa9NpYDAkseG+g6Jr294RqeqcqDixSbU34MZVJRi/P+7Y8GDpzkEwLaGZZOpKIEmeVZNtKsrg==
    dependencies:
      "@types/istanbul-lib-coverage" "*"
  
  "@types/istanbul-reports@^1.1.1":
    version "1.1.2"
    resolved "https://registry.yarnpkg.com/@types/istanbul-reports/-/istanbul-reports-1.1.2.tgz#e875cc689e47bce549ec81f3df5e6f6f11cfaeb2"
    integrity sha512-P/W9yOX/3oPZSpaYOCQzGqgCQRXn0FFO/V8bWrCQs+wLmvVVxk6CRBXALEvNs9OHIatlnlFokfhuDo2ug01ciw==
    dependencies:
      "@types/istanbul-lib-coverage" "*"
      "@types/istanbul-lib-report" "*"
  
  "@types/jest@^24.0.18":
    version "24.9.1"
    resolved "https://registry.yarnpkg.com/@types/jest/-/jest-24.9.1.tgz#02baf9573c78f1b9974a5f36778b366aa77bd534"
    integrity sha512-Fb38HkXSVA4L8fGKEZ6le5bB8r6MRWlOCZbVuWZcmOMSCd2wCYOwN1ibj8daIoV9naq7aaOZjrLCoCMptKU/4Q==
    dependencies:
      jest-diff "^24.3.0"
  
  "@types/jquery@^3.5.14":
    version "3.5.14"
    resolved "https://registry.yarnpkg.com/@types/jquery/-/jquery-3.5.14.tgz#ac8e11ee591e94d4d58da602cb3a5a8320dee577"
    integrity sha512-X1gtMRMbziVQkErhTQmSe2jFwwENA/Zr+PprCkF63vFq+Yt5PZ4AlKqgmeNlwgn7dhsXEK888eIW2520EpC+xg==
    dependencies:
      "@types/sizzle" "*"
  
  "@types/js-cookie@^3.0.1":
    version "3.0.2"
    resolved "https://registry.yarnpkg.com/@types/js-cookie/-/js-cookie-3.0.2.tgz#451eaeece64c6bdac8b2dde0caab23b085899e0d"
    integrity sha512-6+0ekgfusHftJNYpihfkMu8BWdeHs9EOJuGcSofErjstGPfPGEu9yTu4t460lTzzAMl2cM5zngQJqPMHbbnvYA==
  
  "@types/mime@^1":
    version "1.3.2"
    resolved "https://registry.yarnpkg.com/@types/mime/-/mime-1.3.2.tgz#93e25bf9ee75fe0fd80b594bc4feb0e862111b5a"
    integrity sha512-YATxVxgRqNH6nHEIsvg6k2Boc1JHI9ZbH5iWFFv/MTkchz3b1ieGDa5T0a9RznNdI0KhVbdbWSN+KWWrQZRxTw==
  
  "@types/node@*":
    version "17.0.42"
    resolved "https://registry.yarnpkg.com/@types/node/-/node-17.0.42.tgz#d7e8f22700efc94d125103075c074396b5f41f9b"
    integrity sha512-Q5BPGyGKcvQgAMbsr7qEGN/kIPN6zZecYYABeTDBizOsau+2NMdSVTar9UQw21A2+JyA2KRNDYaYrPB0Rpk2oQ==
  
  "@types/node@^12.7.5":
    version "12.20.55"
    resolved "https://registry.yarnpkg.com/@types/node/-/node-12.20.55.tgz#c329cbd434c42164f846b909bd6f85b5537f6240"
    integrity sha512-J8xLz7q2OFulZ2cyGTLE1TbbZcjpno7FaN6zdJNrgAdrJ+DZzh/uFR6YrTb4C+nXakvud8Q4+rbhoIWlYQbUFQ==
  
  "@types/parse-json@^4.0.0":
    version "4.0.0"
    resolved "https://registry.yarnpkg.com/@types/parse-json/-/parse-json-4.0.0.tgz#2f8bb441434d163b35fb8ffdccd7138927ffb8c0"
    integrity sha512-//oorEZjL6sbPcKUaCdIGlIUeH26mgzimjBB77G6XRgnDl/L5wOnpyBGRe/Mmf5CVW3PwEBE1NjiMZ/ssFh4wA==
  
  "@types/prop-types@*":
    version "15.7.5"
    resolved "https://registry.yarnpkg.com/@types/prop-types/-/prop-types-15.7.5.tgz#5f19d2b85a98e9558036f6a3cacc8819420f05cf"
    integrity sha512-JCB8C6SnDoQf0cNycqd/35A7MjcnK+ZTqE7judS6o7utxUCg6imJg3QK2qzHKszlTjcj2cn+NwMB2i96ubpj7w==
  
  "@types/qs@*":
    version "6.9.7"
    resolved "https://registry.yarnpkg.com/@types/qs/-/qs-6.9.7.tgz#63bb7d067db107cc1e457c303bc25d511febf6cb"
    integrity sha512-FGa1F62FT09qcrueBA6qYTrJPVDzah9a+493+o2PCXsesWHIn27G98TsSMs3WPNbZIEj4+VJf6saSFpvD+3Zsw==
  
  "@types/range-parser@*":
    version "1.2.4"
    resolved "https://registry.yarnpkg.com/@types/range-parser/-/range-parser-1.2.4.tgz#cd667bcfdd025213aafb7ca5915a932590acdcdc"
    integrity sha512-EEhsLsD6UsDM1yFhAvy0Cjr6VwmpMWqFBCb9w07wVugF7w9nfajxLuVmngTIpgS6svCnm6Vaw+MZhoDCKnOfsw==
  
  "@types/react-collapse@^5.0.1":
    version "5.0.1"
    resolved "https://registry.yarnpkg.com/@types/react-collapse/-/react-collapse-5.0.1.tgz#078ea1ad15e00ba2063f2e4d8d6760c9375a2023"
    integrity sha512-Iq3OrqvzCIP0DmAawU4T2VKH6XAplbjo/D7Qk14mcfQ92plU+OrA2SF10r2XrcFg1Wvya/5f8w1vS29RVpdoLQ==
    dependencies:
      "@types/react" "*"
  
  "@types/react-cookies@^0.1.0":
    version "0.1.0"
    resolved "https://registry.yarnpkg.com/@types/react-cookies/-/react-cookies-0.1.0.tgz#121182c7c5b72472769389f6d421d3fa45f2c57b"
    integrity sha512-Py5k0iIVxwm0cQQSlUa1p5DJPf7EpXj/MMDs451U06HEseP/QvzdDAdE44x0hsxaelDPp8niVJWFDT3ajeRYPg==
    dependencies:
      "@types/cookie" "*"
      "@types/express" "*"
  
  "@types/react-dom@^16.9.0":
    version "16.9.16"
    resolved "https://registry.yarnpkg.com/@types/react-dom/-/react-dom-16.9.16.tgz#c591f2ed1c6f32e9759dfa6eb4abfd8041f29e39"
    integrity sha512-Oqc0RY4fggGA3ltEgyPLc3IV9T73IGoWjkONbsyJ3ZBn+UPPCYpU2ec0i3cEbJuEdZtkqcCF2l1zf2pBdgUGSg==
    dependencies:
      "@types/react" "^16"
  
  "@types/react-helmet@^6.1.5":
    version "6.1.5"
    resolved "https://registry.yarnpkg.com/@types/react-helmet/-/react-helmet-6.1.5.tgz#35f89a6b1646ee2bc342a33a9a6c8777933f9083"
    integrity sha512-/ICuy7OHZxR0YCAZLNg9r7I9aijWUWvxaPR6uTuyxe8tAj5RL4Sw1+R6NhXUtOsarkGYPmaHdBDvuXh2DIN/uA==
    dependencies:
      "@types/react" "*"
  
  "@types/react-input-mask@^3.0.2":
    version "3.0.2"
    resolved "https://registry.yarnpkg.com/@types/react-input-mask/-/react-input-mask-3.0.2.tgz#60df645cdb2415c97a8f97316011eb3ede78dc1e"
    integrity sha512-WTli3kUyvUqqaOLYG/so2pLqUvRb+n4qnx2He5klfqZDiQmRyD07jVIt/bco/1BrcErkPMtpOm+bHii4Oed6cQ==
    dependencies:
      "@types/react" "*"
  
  "@types/react@*":
    version "18.0.12"
    resolved "https://registry.yarnpkg.com/@types/react/-/react-18.0.12.tgz#cdaa209d0a542b3fcf69cf31a03976ec4cdd8840"
    integrity sha512-duF1OTASSBQtcigUvhuiTB1Ya3OvSy+xORCiEf20H0P0lzx+/KeVsA99U5UjLXSbyo1DRJDlLKqTeM1ngosqtg==
    dependencies:
      "@types/prop-types" "*"
      "@types/scheduler" "*"
      csstype "^3.0.2"
  
  "@types/react@16 || 17 || 18 || 19":
    version "19.1.4"
    resolved "https://registry.yarnpkg.com/@types/react/-/react-19.1.4.tgz#4d125f014d6ac26b4759775698db118701e314fe"
    integrity sha512-EB1yiiYdvySuIITtD5lhW4yPyJ31RkJkkDw794LaQYrxCSaQV/47y5o1FMC4zF9ZyjUjzJMZwbovEnT5yHTW6g==
    dependencies:
      csstype "^3.0.2"
  
  "@types/react@^16", "@types/react@^16.9.2":
    version "16.14.26"
    resolved "https://registry.yarnpkg.com/@types/react/-/react-16.14.26.tgz#82540a240ba7207ebe87d9579051bc19c9ef7605"
    integrity sha512-c/5CYyciOO4XdFcNhZW1O2woVx86k4T+DO2RorHZL7EhitkNQgSD/SgpdZJAUJa/qjVgOmTM44gHkAdZSXeQuQ==
    dependencies:
      "@types/prop-types" "*"
      "@types/scheduler" "*"
      csstype "^3.0.2"
  
  "@types/scheduler@*":
    version "0.16.2"
    resolved "https://registry.yarnpkg.com/@types/scheduler/-/scheduler-0.16.2.tgz#1a62f89525723dde24ba1b01b092bf5df8ad4d39"
    integrity sha512-hppQEBDmlwhFAXKJX2KnWLYu5yMfi91yazPb2l+lbJiwW+wdo1gNeRA+3RgNSO39WYX2euey41KEwnqesU2Jew==
  
  "@types/serve-static@*":
    version "1.13.10"
    resolved "https://registry.yarnpkg.com/@types/serve-static/-/serve-static-1.13.10.tgz#f5e0ce8797d2d7cc5ebeda48a52c96c4fa47a8d9"
    integrity sha512-nCkHGI4w7ZgAdNkrEu0bv+4xNV/XDqW+DydknebMOQwkpDGx8G+HTlj7R7ABI8i8nKxVw0wtKPi1D+lPOkh4YQ==
    dependencies:
      "@types/mime" "^1"
      "@types/node" "*"
  
  "@types/sizzle@*":
    version "2.3.3"
    resolved "https://registry.yarnpkg.com/@types/sizzle/-/sizzle-2.3.3.tgz#ff5e2f1902969d305225a047c8a0fd5c915cebef"
    integrity sha512-JYM8x9EGF163bEyhdJBpR2QX1R5naCJHC8ucJylJ3w9/CVBaskdQ8WqBf8MmQrd1kRvp/a4TS8HJ+bxzR7ZJYQ==
  
  "@types/uuid@^8.3.4":
    version "8.3.4"
    resolved "https://registry.yarnpkg.com/@types/uuid/-/uuid-8.3.4.tgz#bd86a43617df0594787d38b735f55c805becf1bc"
    integrity sha512-c/I8ZRb51j+pYGAu5CrFMRxqZ2ke4y2grEBO5AUjgSkSk+qT2Ea+OdWElz/OiMf5MNpn2b17kuVBwZLQJXzihw==
  
  "@types/yargs-parser@*":
    version "21.0.0"
    resolved "https://registry.yarnpkg.com/@types/yargs-parser/-/yargs-parser-21.0.0.tgz#0c60e537fa790f5f9472ed2776c2b71ec117351b"
    integrity sha512-iO9ZQHkZxHn4mSakYV0vFHAVDyEOIJQrV2uZ06HxEPcx+mt8swXoZHIbaaJ2crJYFfErySgktuTZ3BeLz+XmFA==
  
  "@types/yargs@^13.0.0":
    version "13.0.12"
    resolved "https://registry.yarnpkg.com/@types/yargs/-/yargs-13.0.12.tgz#d895a88c703b78af0465a9de88aa92c61430b092"
    integrity sha512-qCxJE1qgz2y0hA4pIxjBR+PelCH0U5CK1XJXFwCNqfmliatKp47UCXXE9Dyk1OXBDLvsCF57TqQEJaeLfDYEOQ==
    dependencies:
      "@types/yargs-parser" "*"
  
  "@vtex/css-handles@^1.0.0":
    version "1.1.3"
    resolved "https://registry.yarnpkg.com/@vtex/css-handles/-/css-handles-1.1.3.tgz#30bd1010f2907443188738f74dd11d3b6b4ac624"
    integrity sha512-DkqnzMf5jW6lQ1L8wYb9fnXyh0FqZym8qEokGYjeLUqBLBAiVK8XbI4U0ezFswWTOJ3iHZUkUjqPt5WodxR29w==
  
  "@vtex/styleguide@^9.146.0":
    version "9.146.1"
    resolved "https://registry.yarnpkg.com/@vtex/styleguide/-/styleguide-9.146.1.tgz#06e09c6f415059b60c173687e4213dc78a67e723"
    integrity sha512-rFCrM0GoJ2KQoBEigN+INcF16TjScvcOtngXmf5Nu1c77YrJeOVps/6Mte8hA+n6193v3okDf5y5VKOLbelsbA==
    dependencies:
      autoprefixer "^9.6.1"
      case-sensitive-paths-webpack-plugin "^2.2.0"
      date-fns "^2.0.1"
      focus-visible "^4.1.5"
      fromentries "^1.1.0"
      react-color "^2.17.0"
      react-datepicker "^2.3.0"
      react-docgen-displayname-handler "^2.1.1"
      react-dropzone "^10.2.1"
      react-icons "^3.7.0"
      react-number-format "^4.0.6"
      react-outside-click-handler "^1.2.2"
      react-overlays "^1.1.2"
      react-responsive-modal "^3.1.0"
      react-select "^2.1.2"
      react-sticky "^6.0.3"
      react-virtualized "^9.19.1"
      use-media "^1.4.0"
      uuid "^3.3.2"
      vtex-tachyons "^3.2.0"
      whatwg-fetch "2.0.4"
  
  "@wry/equality@^0.1.9":
    version "0.1.11"
    resolved "https://registry.yarnpkg.com/@wry/equality/-/equality-0.1.11.tgz#35cb156e4a96695aa81a9ecc4d03787bc17f1790"
    integrity sha512-mwEVBDUVODlsQQ5dfuLUS5/Tf7jqUKyhKYHmVi4fPB6bDMOfWvUPJmKgS1Z7Za/sOI3vzWt4+O7yCiL/70MogA==
    dependencies:
      tslib "^1.9.3"
  
  abbrev@1:
    version "1.1.1"
    resolved "https://registry.yarnpkg.com/abbrev/-/abbrev-1.1.1.tgz#f8f2c887ad10bf67f634f005b6987fed3179aac8"
    integrity sha512-nne9/IiQ/hzIhY6pdDnbBtz7DjPTKrY00P/zvPSm5pOFkl6xuGrGnXn/VtTNNfNtAfZ9/1RtehkszU9qcTii0Q==
  
  airbnb-prop-types@^2.15.0:
    version "2.16.0"
    resolved "https://registry.yarnpkg.com/airbnb-prop-types/-/airbnb-prop-types-2.16.0.tgz#b96274cefa1abb14f623f804173ee97c13971dc2"
    integrity sha512-7WHOFolP/6cS96PhKNrslCLMYAI8yB1Pp6u6XmxozQOiZbsI5ycglZr5cHhBFfuRcQQjzCMith5ZPZdYiJCxUg==
    dependencies:
      array.prototype.find "^2.1.1"
      function.prototype.name "^1.1.2"
      is-regex "^1.1.0"
      object-is "^1.1.2"
      object.assign "^4.1.0"
      object.entries "^1.1.2"
      prop-types "^15.7.2"
      prop-types-exact "^1.2.0"
      react-is "^16.13.1"
  
  ansi-regex@^4.0.0:
    version "4.1.1"
    resolved "https://registry.yarnpkg.com/ansi-regex/-/ansi-regex-4.1.1.tgz#164daac87ab2d6f6db3a29875e2d1766582dabed"
    integrity sha512-ILlv4k/3f6vfQ4OoP2AGvirOktlQ98ZEL1k9FaQjxa3L1abBgbuTDAdPOpvbGncC0BTVQrl+OM8xZGK6tWXt7g==
  
  ansi-styles@^3.2.0, ansi-styles@^3.2.1:
    version "3.2.1"
    resolved "https://registry.yarnpkg.com/ansi-styles/-/ansi-styles-3.2.1.tgz#41fbb20243e50b12be0f04b8dedbf07520ce841d"
    integrity sha512-VT0ZI6kZRdTh8YyJw3SMbYm/u+NqfsAxEpWO0Pf9sq8/e94WxxOpPKx9FR1FlyCtOVDNOQ+8ntlqFxiRc+r5qA==
    dependencies:
      color-convert "^1.9.0"
  
  array.prototype.find@^2.1.1:
    version "2.2.0"
    resolved "https://registry.yarnpkg.com/array.prototype.find/-/array.prototype.find-2.2.0.tgz#153b8a28ad8965cd86d3117b07e6596af6f2880d"
    integrity sha512-sn40qmUiLYAcRb/1HsIQjTTZ1kCy8II8VtZJpMn2Aoen9twULhbWXisfh3HimGqMlHGUul0/TfKCnXg42LuPpQ==
    dependencies:
      call-bind "^1.0.2"
      define-properties "^1.1.3"
      es-abstract "^1.19.4"
      es-shim-unscopables "^1.0.0"
  
  asap@~2.0.3:
    version "2.0.6"
    resolved "https://registry.yarnpkg.com/asap/-/asap-2.0.6.tgz#e50347611d7e690943208bbdafebcbc2fb866d46"
    integrity sha512-BSHWgDSAiKs50o2Re8ppvp3seVHXSRM44cdSsT9FfNEUUZLOGWVCsiWaRPWM1Znn+mqZ1OfVZ3z3DWEzSp7hRA==
  
  ast-types@0.13.2:
    version "0.13.2"
    resolved "https://registry.yarnpkg.com/ast-types/-/ast-types-0.13.2.tgz#df39b677a911a83f3a049644fb74fdded23cea48"
    integrity sha512-uWMHxJxtfj/1oZClOxDEV1sQ1HCDkA4MG8Gr69KKeBjEVH0R84WlejZ0y2DcwyBlpAEMltmVYkVgqfLFb2oyiA==
  
  asynckit@^0.4.0:
    version "0.4.0"
    resolved "https://registry.yarnpkg.com/asynckit/-/asynckit-0.4.0.tgz#c79ed97f7f34cb8f2ba1bc9790bcc366474b4b79"
    integrity sha512-Oei9OH4tRh0YqU3GxhX79dM/mwVgvbZJaSNaRk+bshkj0S5cfHcgYakreBjrHwatXKbz+IoIdYLxrKim2MjW0Q==
  
  attr-accept@^2.0.0:
    version "2.2.2"
    resolved "https://registry.yarnpkg.com/attr-accept/-/attr-accept-2.2.2.tgz#646613809660110749e92f2c10833b70968d929b"
    integrity sha512-7prDjvt9HmqiZ0cl5CRjtS84sEyhsHP2coDkaZKRKVfCDo9s7iw7ChVmar78Gu9pC4SoR/28wFu/G5JJhTnqEg==
  
  autoprefixer@^9.6.1:
    version "9.8.8"
    resolved "https://registry.yarnpkg.com/autoprefixer/-/autoprefixer-9.8.8.tgz#fd4bd4595385fa6f06599de749a4d5f7a474957a"
    integrity sha512-eM9d/swFopRt5gdJ7jrpCwgvEMIayITpojhkkSMRsFHYuH5bkSQ4p/9qTEHtmNudUZh22Tehu7I6CxAW0IXTKA==
    dependencies:
      browserslist "^4.12.0"
      caniuse-lite "^1.0.30001109"
      normalize-range "^0.1.2"
      num2fraction "^1.2.2"
      picocolors "^0.2.1"
      postcss "^7.0.32"
      postcss-value-parser "^4.1.0"
  
  axios@*, axios@^0.27.2:
    version "0.27.2"
    resolved "https://registry.yarnpkg.com/axios/-/axios-0.27.2.tgz#207658cc8621606e586c85db4b41a750e756d972"
    integrity sha512-t+yRIyySRTp/wua5xEr+z1q60QmLq8ABsS5O9Me1AsE5dfKqgnCFzwiCZZ/cGNd1lq4/7akDWMxdhVlucjmnOQ==
    dependencies:
      follow-redirects "^1.14.9"
      form-data "^4.0.0"
  
  babel-plugin-emotion@^9.2.11:
    version "9.2.11"
    resolved "https://registry.yarnpkg.com/babel-plugin-emotion/-/babel-plugin-emotion-9.2.11.tgz#319c005a9ee1d15bb447f59fe504c35fd5807728"
    integrity sha512-dgCImifnOPPSeXod2znAmgc64NhaaOjGEHROR/M+lmStb3841yK1sgaDYAYMnlvWNz8GnpwIPN0VmNpbWYZ+VQ==
    dependencies:
      "@babel/helper-module-imports" "^7.0.0"
      "@emotion/babel-utils" "^0.6.4"
      "@emotion/hash" "^0.6.2"
      "@emotion/memoize" "^0.6.1"
      "@emotion/stylis" "^0.7.0"
      babel-plugin-macros "^2.0.0"
      babel-plugin-syntax-jsx "^6.18.0"
      convert-source-map "^1.5.0"
      find-root "^1.1.0"
      mkdirp "^0.5.1"
      source-map "^0.5.7"
      touch "^2.0.1"
  
  babel-plugin-macros@^2.0.0:
    version "2.8.0"
    resolved "https://registry.yarnpkg.com/babel-plugin-macros/-/babel-plugin-macros-2.8.0.tgz#0f958a7cc6556b1e65344465d99111a1e5e10138"
    integrity sha512-SEP5kJpfGYqYKpBrj5XU3ahw5p5GOHJ0U5ssOSQ/WBVdwkD2Dzlce95exQTs3jOVWPPKLBN2rlEWkCK7dSmLvg==
    dependencies:
      "@babel/runtime" "^7.7.2"
      cosmiconfig "^6.0.0"
      resolve "^1.12.0"
  
  babel-plugin-syntax-jsx@^6.18.0:
    version "6.18.0"
    resolved "https://registry.yarnpkg.com/babel-plugin-syntax-jsx/-/babel-plugin-syntax-jsx-6.18.0.tgz#0af32a9a6e13ca7a3fd5069e62d7b0f58d0d8946"
    integrity sha512-qrPaCSo9c8RHNRHIotaufGbuOBN8rtdC4QrrFFc43vyWCCz7Kl7GL1PGaXtMGQZUXrkCjNEgxDfmAuAabr/rlw==
  
  browserslist@^4.12.0:
    version "4.20.4"
    resolved "https://registry.yarnpkg.com/browserslist/-/browserslist-4.20.4.tgz#98096c9042af689ee1e0271333dbc564b8ce4477"
    integrity sha512-ok1d+1WpnU24XYN7oC3QWgTyMhY/avPJ/r9T00xxvUOIparA/gc+UPUMaod3i+G6s+nI2nUb9xZ5k794uIwShw==
    dependencies:
      caniuse-lite "^1.0.30001349"
      electron-to-chromium "^1.4.147"
      escalade "^3.1.1"
      node-releases "^2.0.5"
      picocolors "^1.0.0"
  
  call-bind@^1.0.0, call-bind@^1.0.2:
    version "1.0.2"
    resolved "https://registry.yarnpkg.com/call-bind/-/call-bind-1.0.2.tgz#b1d4e89e688119c3c9a903ad30abb2f6a919be3c"
    integrity sha512-7O+FbCihrB5WGbFYesctwmTKae6rOiIzmz1icreWJ+0aA7LJfuqhEso2T9ncpcFtzMQtzXf2QGGueWJGTYsqrA==
    dependencies:
      function-bind "^1.1.1"
      get-intrinsic "^1.0.2"
  
  callsites@^3.0.0:
    version "3.1.0"
    resolved "https://registry.yarnpkg.com/callsites/-/callsites-3.1.0.tgz#b3630abd8943432f54b3f0519238e33cd7df2f73"
    integrity sha512-P8BjAsXvZS+VIDUI11hHCQEv74YT67YUi5JJFNWIqL235sBmjX4+qx9Muvls5ivyNENctx46xQLQ3aTuE7ssaQ==
  
  camelcase@^5.0.0:
    version "5.3.1"
    resolved "https://registry.yarnpkg.com/camelcase/-/camelcase-5.3.1.tgz#e3c9b31569e106811df242f715725a1f4c494320"
    integrity sha512-L28STB170nwWS63UjtlEOE3dldQApaJXZkOI1uMFfzf3rRuPegHaHesyee+YxQ+W6SvRDQV6UrdOdRiR153wJg==
  
  caniuse-lite@^1.0.30001109, caniuse-lite@^1.0.30001349:
    version "1.0.30001352"
    resolved "https://registry.yarnpkg.com/caniuse-lite/-/caniuse-lite-1.0.30001352.tgz#cc6f5da3f983979ad1e2cdbae0505dccaa7c6a12"
    integrity sha512-GUgH8w6YergqPQDGWhJGt8GDRnY0L/iJVQcU3eJ46GYf52R8tk0Wxp0PymuFVZboJYXGiCqwozAYZNRjVj6IcA==
  
  case-sensitive-paths-webpack-plugin@^2.2.0:
    version "2.4.0"
    resolved "https://registry.yarnpkg.com/case-sensitive-paths-webpack-plugin/-/case-sensitive-paths-webpack-plugin-2.4.0.tgz#db64066c6422eed2e08cc14b986ca43796dbc6d4"
    integrity sha512-roIFONhcxog0JSSWbvVAh3OocukmSgpqOH6YpMkCvav/ySIV3JKg4Dc8vYtQjYi/UxpNE36r/9v+VqTQqgkYmw==
  
  chalk@^2.0.0, chalk@^2.0.1:
    version "2.4.2"
    resolved "https://registry.yarnpkg.com/chalk/-/chalk-2.4.2.tgz#cd42541677a54333cf541a49108c1432b44c9424"
    integrity sha512-Mti+f9lpJNcwF4tWV8/OrTTtF1gZi+f8FqlyAdouralcFWFQWF2+NgCHShjkCb+IFBLq9buZwE1xckQU4peSuQ==
    dependencies:
      ansi-styles "^3.2.1"
      escape-string-regexp "^1.0.5"
      supports-color "^5.3.0"
  
  change-emitter@^0.1.2:
    version "0.1.6"
    resolved "https://registry.yarnpkg.com/change-emitter/-/change-emitter-0.1.6.tgz#e8b2fe3d7f1ab7d69a32199aff91ea6931409515"
    integrity sha512-YXzt1cQ4a2jqazhcuSWEOc1K2q8g9H6eWNsyZgi640LDzRWVQ2eDe+Y/kVdftH+vYdPF2rgDb3dLdpxE1jvAxw==
  
  classnames@*, classnames@^2.2.5, classnames@^2.2.6:
    version "2.3.1"
    resolved "https://registry.yarnpkg.com/classnames/-/classnames-2.3.1.tgz#dfcfa3891e306ec1dad105d0e88f4417b8535e8e"
    integrity sha512-OlQdbZ7gLfGarSqxesMesDa5uz7KFbID8Kpq/SxIoNGDqY8lSYs0D+hhtBXhcdB3rcbXArFr7vlHheLk1voeNA==
  
  clsx@^1.0.4:
    version "1.1.1"
    resolved "https://registry.yarnpkg.com/clsx/-/clsx-1.1.1.tgz#98b3134f9abbdf23b2663491ace13c5c03a73188"
    integrity sha512-6/bPho624p3S2pMyvP5kKBPXnI3ufHLObBFCfgx+LkeR5lg2XYy2hqZqUf45ypD8COn2bhgGJSUE+l5dhNBieA==
  
  clsx@^1.1.0:
    version "1.2.1"
    resolved "https://registry.yarnpkg.com/clsx/-/clsx-1.2.1.tgz#0ddc4a20a549b59c93a4116bb26f5294ca17dc12"
    integrity sha512-EcR6r5a8bj6pu3ycsa/E/cKVGuTgZJZdsyUYHOksG/UHIiKfjxzRxYJpyVBwYaQeOvghal9fcc4PidlgzugAQg==
  
  color-convert@^1.9.0:
    version "1.9.3"
    resolved "https://registry.yarnpkg.com/color-convert/-/color-convert-1.9.3.tgz#bb71850690e1f136567de629d2d5471deda4c1e8"
    integrity sha512-QfAUtd+vFdAtFQcC8CCyYt1fYWxSqAiK2cSD6zDB8N3cpsEBAvRxp9zOGg6G/SHHJYAT88/az/IuDGALsNVbGg==
    dependencies:
      color-name "1.1.3"
  
  color-name@1.1.3:
    version "1.1.3"
    resolved "https://registry.yarnpkg.com/color-name/-/color-name-1.1.3.tgz#a7d0558bd89c42f795dd42328f740831ca53bc25"
    integrity sha512-72fSenhMw2HZMTVHeCA9KCmpEIbzWiQsjN+BHcBbS9vr1mtt+vJjPdksIBNUmKAW8TFUDPJK5SUU3QhE9NEXDw==
  
  combined-stream@^1.0.8:
    version "1.0.8"
    resolved "https://registry.yarnpkg.com/combined-stream/-/combined-stream-1.0.8.tgz#c3d45a8b34fd730631a110a8a2520682b31d5a7f"
    integrity sha512-FQN4MRfuJeHf7cBbBMJFXhKSDq+2kAArBlmRBvcvFE5BB1HZKXtSFASDhdlz9zOYwxh8lDdnvmMOe/+5cdoEdg==
    dependencies:
      delayed-stream "~1.0.0"
  
  "consolidated-events@^1.1.1 || ^2.0.0":
    version "2.0.2"
    resolved "https://registry.yarnpkg.com/consolidated-events/-/consolidated-events-2.0.2.tgz#da8d8f8c2b232831413d9e190dc11669c79f4a91"
    integrity sha512-2/uRVMdRypf5z/TW/ncD/66l75P5hH2vM/GR8Jf8HLc2xnfJtmina6F6du8+v4Z2vTrMo7jC+W1tmEEuuELgkQ==
  
  convert-source-map@^1.5.0, convert-source-map@^1.5.1:
    version "1.8.0"
    resolved "https://registry.yarnpkg.com/convert-source-map/-/convert-source-map-1.8.0.tgz#f3373c32d21b4d780dd8004514684fb791ca4369"
    integrity sha512-+OQdjP49zViI/6i7nIJpA8rAl4sV/JdPfU9nZs3VqOwGIgizICvuN2ru6fMd+4llL0tar18UYJXfZ/TWtmhUjA==
    dependencies:
      safe-buffer "~5.1.1"
  
  cookie@^0.3.1:
    version "0.3.1"
    resolved "https://registry.yarnpkg.com/cookie/-/cookie-0.3.1.tgz#e7e0a1f9ef43b4c8ba925c5c5a96e806d16873bb"
    integrity sha512-+IJOX0OqlHCszo2mBUq+SrEbCj6w7Kpffqx60zYbPTFaO4+yYgRjHwcZNpWvaTylDHaV7PPmBHzSecZiMhtPgw==
  
  cookie@^0.4.0:
    version "0.4.2"
    resolved "https://registry.yarnpkg.com/cookie/-/cookie-0.4.2.tgz#0e41f24de5ecf317947c82fc789e06a884824432"
    integrity sha512-aSWTXFzaKWkvHO1Ny/s+ePFpvKsPnjc551iI41v3ny/ow6tBG5Vd+FuqGNhh1LxOmVzOlGUriIlOaokOvhaStA==
  
  core-js@^1.0.0:
    version "1.2.7"
    resolved "https://registry.yarnpkg.com/core-js/-/core-js-1.2.7.tgz#652294c14651db28fa93bd2d5ff2983a4f08c636"
    integrity sha512-ZiPp9pZlgxpWRu0M+YWbm6+aQ84XEfH1JRXvfOc/fILWI0VKhLC2LX13X1NYq4fULzLMq7Hfh43CSo2/aIaUPA==
  
  cosmiconfig@^6.0.0:
    version "6.0.0"
    resolved "https://registry.yarnpkg.com/cosmiconfig/-/cosmiconfig-6.0.0.tgz#da4fee853c52f6b1e6935f41c1a2fc50bd4a9982"
    integrity sha512-xb3ZL6+L8b9JLLCx3ZdoZy4+2ECphCMo2PwqgP1tlfVq6M6YReyzBJtvWWtbDSpNr9hn96pkCiZqUcFEc+54Qg==
    dependencies:
      "@types/parse-json" "^4.0.0"
      import-fresh "^3.1.0"
      parse-json "^5.0.0"
      path-type "^4.0.0"
      yaml "^1.7.2"
  
  create-emotion@^9.2.12:
    version "9.2.12"
    resolved "https://registry.yarnpkg.com/create-emotion/-/create-emotion-9.2.12.tgz#0fc8e7f92c4f8bb924b0fef6781f66b1d07cb26f"
    integrity sha512-P57uOF9NL2y98Xrbl2OuiDQUZ30GVmASsv5fbsjF4Hlraip2kyAvMm+2PoYUvFFw03Fhgtxk3RqZSm2/qHL9hA==
    dependencies:
      "@emotion/hash" "^0.6.2"
      "@emotion/memoize" "^0.6.1"
      "@emotion/stylis" "^0.7.0"
      "@emotion/unitless" "^0.6.2"
      csstype "^2.5.2"
      stylis "^3.5.0"
      stylis-rule-sheet "^0.0.10"
  
  csstype@^2.5.2:
    version "2.6.20"
    resolved "https://registry.yarnpkg.com/csstype/-/csstype-2.6.20.tgz#9229c65ea0b260cf4d3d997cb06288e36a8d6dda"
    integrity sha512-/WwNkdXfckNgw6S5R125rrW8ez139lBHWouiBvX8dfMFtcn6V81REDqnH7+CRpRipfYlyU1CmOnOxrmGcFOjeA==
  
  csstype@^3.0.2:
    version "3.1.0"
    resolved "https://registry.yarnpkg.com/csstype/-/csstype-3.1.0.tgz#4ddcac3718d787cf9df0d1b7d15033925c8f29f2"
    integrity sha512-uX1KG+x9h5hIJsaKR9xHUeUraxf8IODOwq9JLNPq6BwB04a/xgpq3rcx47l5BZu5zBPlgD342tdke3Hom/nJRA==
  
  date-fns@^2.0.1:
    version "2.28.0"
    resolved "https://registry.yarnpkg.com/date-fns/-/date-fns-2.28.0.tgz#9570d656f5fc13143e50c975a3b6bbeb46cd08b2"
    integrity sha512-8d35hViGYx/QH0icHYCeLmsLmMUheMmTyV9Fcm6gvNwdw31yXXH+O85sOBJ+OLnLQMKZowvpKb6FgMIQjcpvQw==
  
  decimal.js@^10.4.3:
    version "10.5.0"
    resolved "https://registry.yarnpkg.com/decimal.js/-/decimal.js-10.5.0.tgz#0f371c7cf6c4898ce0afb09836db73cd82010f22"
    integrity sha512-8vDa8Qxvr/+d94hSh5P3IJwI5t8/c0KsMp+g8bNw9cY2icONa5aPfvKeieW1WlG0WQYwwhJ7mjui2xtiePQSXw==
  
  deep-equal@^1.1.1:
    version "1.1.1"
    resolved "https://registry.yarnpkg.com/deep-equal/-/deep-equal-1.1.1.tgz#b5c98c942ceffaf7cb051e24e1434a25a2e6076a"
    integrity sha512-yd9c5AdiqVcR+JjcwUQb9DkhJc8ngNr0MahEBGvDiJw8puWab2yZlh+nkasOnZP+EGTAP6rRp2JzJhJZzvNF8g==
    dependencies:
      is-arguments "^1.0.4"
      is-date-object "^1.0.1"
      is-regex "^1.0.4"
      object-is "^1.0.1"
      object-keys "^1.1.1"
      regexp.prototype.flags "^1.2.0"
  
  define-properties@^1.1.3, define-properties@^1.1.4:
    version "1.1.4"
    resolved "https://registry.yarnpkg.com/define-properties/-/define-properties-1.1.4.tgz#0b14d7bd7fbeb2f3572c3a7eda80ea5d57fb05b1"
    integrity sha512-uckOqKcfaVvtBdsVkdPv3XjveQJsNQqmhXgRi8uhvWWuPYZCNlzT8qAyblUgNoXdHdjMTzAqeGjAoli8f+bzPA==
    dependencies:
      has-property-descriptors "^1.0.0"
      object-keys "^1.1.1"
  
  delayed-stream@~1.0.0:
    version "1.0.0"
    resolved "https://registry.yarnpkg.com/delayed-stream/-/delayed-stream-1.0.0.tgz#df3ae199acadfb7d440aaae0b29e2272b24ec619"
    integrity sha512-ZySD7Nf91aLB0RxL4KGrKHBXl7Eds1DAmEdcoVawXnLD7SDhpNgtuII2aAkg7a7QS41jxPSZ17p4VdGnMHk3MQ==
  
  diff-sequences@^24.9.0:
    version "24.9.0"
    resolved "https://registry.yarnpkg.com/diff-sequences/-/diff-sequences-24.9.0.tgz#5715d6244e2aa65f48bba0bc972db0b0b11e95b5"
    integrity sha512-Dj6Wk3tWyTE+Fo1rW8v0Xhwk80um6yFYKbuAxc9c3EZxIHFDYwbi34Uk42u1CdnIiVorvt4RmlSDjIPyzGC2ew==
  
  document.contains@^1.0.1:
    version "1.0.2"
    resolved "https://registry.yarnpkg.com/document.contains/-/document.contains-1.0.2.tgz#4260abad67a6ae9e135c1be83d68da0db169d5f0"
    integrity sha512-YcvYFs15mX8m3AO1QNQy3BlIpSMfNRj3Ujk2BEJxsZG+HZf7/hZ6jr7mDpXrF8q+ff95Vef5yjhiZxm8CGJr6Q==
    dependencies:
      define-properties "^1.1.3"
  
  dom-helpers@^3.4.0:
    version "3.4.0"
    resolved "https://registry.yarnpkg.com/dom-helpers/-/dom-helpers-3.4.0.tgz#e9b369700f959f62ecde5a6babde4bccd9169af8"
    integrity sha512-LnuPJ+dwqKDIyotW1VzmOZ5TONUN7CwkCR5hrgawTUbkBGYdeoNLZo6nNfGkCrjtE1nXXaj7iMMpDa8/d9WoIA==
    dependencies:
      "@babel/runtime" "^7.1.2"
  
  dom-helpers@^5.1.3:
    version "5.2.1"
    resolved "https://registry.yarnpkg.com/dom-helpers/-/dom-helpers-5.2.1.tgz#d9400536b2bf8225ad98fe052e029451ac40e902"
    integrity sha512-nRCa7CK3VTrM2NmGkIy4cbK7IZlgBE/PYMn55rrXefr5xXDP0LdtfPnblFDoVdcAfslJ7or6iqAUnx0CCGIWQA==
    dependencies:
      "@babel/runtime" "^7.8.7"
      csstype "^3.0.2"
  
  electron-to-chromium@^1.4.147:
    version "1.4.153"
    resolved "https://registry.yarnpkg.com/electron-to-chromium/-/electron-to-chromium-1.4.153.tgz#7ed324c039745629041169221ba8dec653146f37"
    integrity sha512-57AV9DNW1R52HjOqnGOCCTLHMHItLTGu/WjB1KYIa4BQ7p0u8J0j8N78akPcOBStKE801xcMjTpmbAylflfIYQ==
  
  emotion@^9.1.2:
    version "9.2.12"
    resolved "https://registry.yarnpkg.com/emotion/-/emotion-9.2.12.tgz#53925aaa005614e65c6e43db8243c843574d1ea9"
    integrity sha512-hcx7jppaI8VoXxIWEhxpDW7I+B4kq9RNzQLmsrF6LY8BGKqe2N+gFAQr0EfuFucFlPs2A9HM4+xNj4NeqEWIOQ==
    dependencies:
      babel-plugin-emotion "^9.2.11"
      create-emotion "^9.2.12"
  
  encoding@^0.1.11:
    version "0.1.13"
    resolved "https://registry.yarnpkg.com/encoding/-/encoding-0.1.13.tgz#56574afdd791f54a8e9b2785c0582a2d26210fa9"
    integrity sha512-ETBauow1T35Y/WZMkio9jiM0Z5xjHHmJ4XmjZOq1l/dXz3lr2sRn87nJy20RupqSh1F2m3HHPSp8ShIPQJrJ3A==
    dependencies:
      iconv-lite "^0.6.2"
  
  error-ex@^1.3.1:
    version "1.3.2"
    resolved "https://registry.yarnpkg.com/error-ex/-/error-ex-1.3.2.tgz#b4ac40648107fdcdcfae242f428bea8a14d4f1bf"
    integrity sha512-7dFHNmqeFSEt2ZBsCriorKnn3Z2pj+fd9kmI6QoWw4//DL+icEBfc0U7qJCisqrTsKTjw4fNFy2pW9OqStD84g==
    dependencies:
      is-arrayish "^0.2.1"
  
  es-abstract@^1.19.0, es-abstract@^1.19.1, es-abstract@^1.19.4, es-abstract@^1.19.5:
    version "1.20.1"
    resolved "https://registry.yarnpkg.com/es-abstract/-/es-abstract-1.20.1.tgz#027292cd6ef44bd12b1913b828116f54787d1814"
    integrity sha512-WEm2oBhfoI2sImeM4OF2zE2V3BYdSF+KnSi9Sidz51fQHd7+JuF8Xgcj9/0o+OWeIeIS/MiuNnlruQrJf16GQA==
    dependencies:
      call-bind "^1.0.2"
      es-to-primitive "^1.2.1"
      function-bind "^1.1.1"
      function.prototype.name "^1.1.5"
      get-intrinsic "^1.1.1"
      get-symbol-description "^1.0.0"
      has "^1.0.3"
      has-property-descriptors "^1.0.0"
      has-symbols "^1.0.3"
      internal-slot "^1.0.3"
      is-callable "^1.2.4"
      is-negative-zero "^2.0.2"
      is-regex "^1.1.4"
      is-shared-array-buffer "^1.0.2"
      is-string "^1.0.7"
      is-weakref "^1.0.2"
      object-inspect "^1.12.0"
      object-keys "^1.1.1"
      object.assign "^4.1.2"
      regexp.prototype.flags "^1.4.3"
      string.prototype.trimend "^1.0.5"
      string.prototype.trimstart "^1.0.5"
      unbox-primitive "^1.0.2"
  
  es-shim-unscopables@^1.0.0:
    version "1.0.0"
    resolved "https://registry.yarnpkg.com/es-shim-unscopables/-/es-shim-unscopables-1.0.0.tgz#702e632193201e3edf8713635d083d378e510241"
    integrity sha512-Jm6GPcCdC30eMLbZ2x8z2WuRwAws3zTBBKuusffYVUrNj/GVSUAZ+xKMaUpfNDR5IbyNA5LJbaecoUVbmUcB1w==
    dependencies:
      has "^1.0.3"
  
  es-to-primitive@^1.2.1:
    version "1.2.1"
    resolved "https://registry.yarnpkg.com/es-to-primitive/-/es-to-primitive-1.2.1.tgz#e55cd4c9cdc188bcefb03b366c736323fc5c898a"
    integrity sha512-QCOllgZJtaUo9miYBcLChTUaHNjJF3PYs1VidD7AwiEj1kYxKeQTctLAezAOH5ZKRH0g2IgPn6KwB4IT8iRpvA==
    dependencies:
      is-callable "^1.1.4"
      is-date-object "^1.0.1"
      is-symbol "^1.0.2"
  
  escalade@^3.1.1:
    version "3.1.1"
    resolved "https://registry.yarnpkg.com/escalade/-/escalade-3.1.1.tgz#d8cfdc7000965c5a0174b4a82eaa5c0552742e40"
    integrity sha512-k0er2gUkLf8O0zKJiAhmkTnJlTvINGv7ygDNPbeIsX/TJjGJZHuh9B2UxbsaEkmlEo9MfhrSzmhIlhRlI2GXnw==
  
  escape-string-regexp@^1.0.5:
    version "1.0.5"
    resolved "https://registry.yarnpkg.com/escape-string-regexp/-/escape-string-regexp-1.0.5.tgz#1b61c0562190a8dff6ae3bb2cf0200ca130b86d4"
    integrity sha512-vbRorB5FUQWvla16U8R/qgaFIya2qGzwDrNmCZuYKrbdSUMG6I1ZCGQRefkRVhuOkIGVne7BQ35DSfo1qvJqFg==
  
  fbjs@^0.8.1:
    version "0.8.18"
    resolved "https://registry.yarnpkg.com/fbjs/-/fbjs-0.8.18.tgz#9835e0addb9aca2eff53295cd79ca1cfc7c9662a"
    integrity sha512-EQaWFK+fEPSoibjNy8IxUtaFOMXcWsY0JaVrQoZR9zC8N2Ygf9iDITPWjUTVIax95b6I742JFLqASHfsag/vKA==
    dependencies:
      core-js "^1.0.0"
      isomorphic-fetch "^2.1.1"
      loose-envify "^1.0.0"
      object-assign "^4.1.0"
      promise "^7.1.1"
      setimmediate "^1.0.5"
      ua-parser-js "^0.7.30"
  
  file-selector@^0.1.12:
    version "0.1.19"
    resolved "https://registry.yarnpkg.com/file-selector/-/file-selector-0.1.19.tgz#8ecc9d069a6f544f2e4a096b64a8052e70ec8abf"
    integrity sha512-kCWw3+Aai8Uox+5tHCNgMFaUdgidxvMnLWO6fM5sZ0hA2wlHP5/DHGF0ECe84BiB95qdJbKNEJhWKVDvMN+JDQ==
    dependencies:
      tslib "^2.0.1"
  
  find-root@^1.1.0:
    version "1.1.0"
    resolved "https://registry.yarnpkg.com/find-root/-/find-root-1.1.0.tgz#abcfc8ba76f708c42a97b3d685b7e9450bfb9ce4"
    integrity sha512-NKfW6bec6GfKc0SGx1e07QZY9PE99u0Bft/0rzSD5k3sO/vwkVUpDUKVm5Gpp5Ue3YfShPFTX2070tDs5kB9Ng==
  
  focus-trap-react@^4.0.1:
    version "4.0.1"
    resolved "https://registry.yarnpkg.com/focus-trap-react/-/focus-trap-react-4.0.1.tgz#3cffd39341df3b2f546a4a2fe94cfdea66154683"
    integrity sha512-UUZKVEn5cFbF6yUnW7lbXNW0iqN617ShSqYKgxctUvWw1wuylLtyVmC0RmPQNnJ/U+zoKc/djb0tZMs0uN/0QQ==
    dependencies:
      focus-trap "^3.0.0"
  
  focus-trap@^3.0.0:
    version "3.0.0"
    resolved "https://registry.yarnpkg.com/focus-trap/-/focus-trap-3.0.0.tgz#4d2ee044ae66bf7eb6ebc6c93bd7a1039481d7dc"
    integrity sha512-jTFblf0tLWbleGjj2JZsAKbgtZTdL1uC48L8FcmSDl4c2vDoU4NycN1kgV5vJhuq1mxNFkw7uWZ1JAGlINWvyw==
    dependencies:
      tabbable "^3.1.0"
      xtend "^4.0.1"
  
  focus-visible@^4.1.5:
    version "4.1.5"
    resolved "https://registry.yarnpkg.com/focus-visible/-/focus-visible-4.1.5.tgz#50b44e2e84c24b831ceca3cce84d57c2b311c855"
    integrity sha512-yo/njtk/BB4Z2euzaZe3CZrg4u5s5uEi7ZwbHBJS2quHx51N0mmcx9nTIiImUGlgy+vf26d0CcQluahBBBL/Fw==
  
  follow-redirects@^1.14.9:
    version "1.15.1"
    resolved "https://registry.yarnpkg.com/follow-redirects/-/follow-redirects-1.15.1.tgz#0ca6a452306c9b276e4d3127483e29575e207ad5"
    integrity sha512-yLAMQs+k0b2m7cVxpS1VKJVvoz7SS9Td1zss3XRwXj+ZDH00RJgnuLx7E44wx02kQLrdM3aOOy+FpzS7+8OizA==
  
  form-data@^4.0.0:
    version "4.0.0"
    resolved "https://registry.yarnpkg.com/form-data/-/form-data-4.0.0.tgz#93919daeaf361ee529584b9b31664dc12c9fa452"
    integrity sha512-ETEklSGi5t0QMZuiXoA/Q6vcnxcLQP5vdugSpuAyi6SVGi2clPPp+xgEhuMaHC+zGgn31Kd235W35f7Hykkaww==
    dependencies:
      asynckit "^0.4.0"
      combined-stream "^1.0.8"
      mime-types "^2.1.12"
  
  fromentries@^1.1.0:
    version "1.3.2"
    resolved "https://registry.yarnpkg.com/fromentries/-/fromentries-1.3.2.tgz#e4bca6808816bf8f93b52750f1127f5a6fd86e3a"
    integrity sha512-cHEpEQHUg0f8XdtZCc2ZAhrHzKzT0MrFUTcvx+hfxYu7rGMDc5SKoXFh+n4YigxsHXRzc6OrCshdR1bWH6HHyg==
  
  function-bind@^1.1.1:
    version "1.1.1"
    resolved "https://registry.yarnpkg.com/function-bind/-/function-bind-1.1.1.tgz#a56899d3ea3c9bab874bb9773b7c5ede92f4895d"
    integrity sha512-yIovAzMX49sF8Yl58fSCWJ5svSLuaibPxXQJFLmBObTuCr0Mf1KiPopGM9NiFjiYBCbfaa2Fh6breQ6ANVTI0A==
  
  function.prototype.name@^1.1.2, function.prototype.name@^1.1.5:
    version "1.1.5"
    resolved "https://registry.yarnpkg.com/function.prototype.name/-/function.prototype.name-1.1.5.tgz#cce0505fe1ffb80503e6f9e46cc64e46a12a9621"
    integrity sha512-uN7m/BzVKQnCUF/iW8jYea67v++2u7m5UgENbHRtdDVclOUP+FMPlCNdmk0h/ysGyo2tavMJEDqJAkJdRa1vMA==
    dependencies:
      call-bind "^1.0.2"
      define-properties "^1.1.3"
      es-abstract "^1.19.0"
      functions-have-names "^1.2.2"
  
  functions-have-names@^1.2.2:
    version "1.2.3"
    resolved "https://registry.yarnpkg.com/functions-have-names/-/functions-have-names-1.2.3.tgz#0404fe4ee2ba2f607f0e0ec3c80bae994133b834"
    integrity sha512-xckBUXyTIqT97tq2x2AMb+g163b5JFysYk0x4qxNFwbfQkmNZoiRHb6sPzI9/QV33WeuvVYBUIiD4NzNIyqaRQ==
  
  get-intrinsic@^1.0.2, get-intrinsic@^1.1.0, get-intrinsic@^1.1.1:
    version "1.1.2"
    resolved "https://registry.yarnpkg.com/get-intrinsic/-/get-intrinsic-1.1.2.tgz#336975123e05ad0b7ba41f152ee4aadbea6cf598"
    integrity sha512-Jfm3OyCxHh9DJyc28qGk+JmfkpO41A4XkneDSujN9MDXrm4oDKdHvndhZ2dN94+ERNfkYJWDclW6k2L/ZGHjXA==
    dependencies:
      function-bind "^1.1.1"
      has "^1.0.3"
      has-symbols "^1.0.3"
  
  get-symbol-description@^1.0.0:
    version "1.0.0"
    resolved "https://registry.yarnpkg.com/get-symbol-description/-/get-symbol-description-1.0.0.tgz#7fdb81c900101fbd564dd5f1a30af5aadc1e58d6"
    integrity sha512-2EmdH1YvIQiZpltCNgkuiUnyukzxM/R6NDJX31Ke3BG1Nq5b0S2PhX59UKi9vZpPDQVdqn+1IcaAwnzTT5vCjw==
    dependencies:
      call-bind "^1.0.2"
      get-intrinsic "^1.1.1"
  
  graphql-cache@^0.3.0:
    version "0.3.0"
    resolved "https://registry.yarnpkg.com/graphql-cache/-/graphql-cache-0.3.0.tgz#669798bce2e6f335e3ec29ce36543eaf4900d7f8"
    integrity sha512-MUTCw4wUpFiih2JP16NKGly+pr0oxFvrQ2bnCT6YbGlcY6qeVLy00o3d49+55BQBd17LW1F5zW/8Ak48nEMErQ==
    dependencies:
      graphql "^0.7.0"
      invariant "^2.2.1"
  
  graphql-tag@^0.1.14:
    version "0.1.17"
    resolved "https://registry.yarnpkg.com/graphql-tag/-/graphql-tag-0.1.17.tgz#1dfd6f2310d395b309a1077bc8cdc5d6604c5e89"
    integrity sha512-3Grg/OPE7cn3AzeA4346gf9Ps/zhHeNkI8ec5B9FWGFG3cv5BlrjVtFa4WC+9et4sr5SVYZ+N7cwxbOm2h1cZw==
  
  graphql@^0.7.0:
    version "0.7.2"
    resolved "https://registry.yarnpkg.com/graphql/-/graphql-0.7.2.tgz#cc894a32823399b8a0cb012b9e9ecad35cd00f72"
    integrity sha512-qGAO2oBwKdp4wOSBbYF2g5WbITF3Qca62XGEiqAdDkB1WmLI13XZdsqbdcJsIJXMWX9NhOj7ZZ2K+jEyYO0JOQ==
    dependencies:
      iterall "1.0.2"
  
  gud@^1.0.0:
    version "1.0.0"
    resolved "https://registry.yarnpkg.com/gud/-/gud-1.0.0.tgz#a489581b17e6a70beca9abe3ae57de7a499852c0"
    integrity sha512-zGEOVKFM5sVPPrYs7J5/hYEw2Pof8KCyOwyhG8sAF26mCAeUFAcYPu1mwB7hhpIP29zOIBaDqwuHdLp0jvZXjw==
  
  has-bigints@^1.0.1, has-bigints@^1.0.2:
    version "1.0.2"
    resolved "https://registry.yarnpkg.com/has-bigints/-/has-bigints-1.0.2.tgz#0871bd3e3d51626f6ca0966668ba35d5602d6eaa"
    integrity sha512-tSvCKtBr9lkF0Ex0aQiP9N+OpV4zi2r/Nee5VkRDbaqv35RLYMzbwQfFSZZH0kR+Rd6302UJZ2p/bJCEoR3VoQ==
  
  has-flag@^3.0.0:
    version "3.0.0"
    resolved "https://registry.yarnpkg.com/has-flag/-/has-flag-3.0.0.tgz#b5d454dc2199ae225699f3467e5a07f3b955bafd"
    integrity sha512-sKJf1+ceQBr4SMkvQnBDNDtf4TXpVhVGateu0t918bl30FnbE2m4vNLX+VWe/dpjlb+HugGYzW7uQXH98HPEYw==
  
  has-property-descriptors@^1.0.0:
    version "1.0.0"
    resolved "https://registry.yarnpkg.com/has-property-descriptors/-/has-property-descriptors-1.0.0.tgz#610708600606d36961ed04c196193b6a607fa861"
    integrity sha512-62DVLZGoiEBDHQyqG4w9xCuZ7eJEwNmJRWw2VY84Oedb7WFcA27fiEVe8oUQx9hAUJ4ekurquucTGwsyO1XGdQ==
    dependencies:
      get-intrinsic "^1.1.1"
  
  has-symbols@^1.0.1, has-symbols@^1.0.2, has-symbols@^1.0.3:
    version "1.0.3"
    resolved "https://registry.yarnpkg.com/has-symbols/-/has-symbols-1.0.3.tgz#bb7b2c4349251dce87b125f7bdf874aa7c8b39f8"
    integrity sha512-l3LCuF6MgDNwTDKkdYGEihYjt5pRPbEg46rtlmnSPlUbgmB8LOIrKJbYYFBSbnPaJexMKtiPO8hmeRjRz2Td+A==
  
  has-tostringtag@^1.0.0:
    version "1.0.0"
    resolved "https://registry.yarnpkg.com/has-tostringtag/-/has-tostringtag-1.0.0.tgz#7e133818a7d394734f941e73c3d3f9291e658b25"
    integrity sha512-kFjcSNhnlGV1kyoGk7OXKSawH5JOb/LzUc5w9B02hOTO0dfFRjbHQKvg1d6cf3HbeUmtU9VbbV3qzZ2Teh97WQ==
    dependencies:
      has-symbols "^1.0.2"
  
  has@^1.0.3:
    version "1.0.3"
    resolved "https://registry.yarnpkg.com/has/-/has-1.0.3.tgz#722d7cbfc1f6aa8241f16dd814e011e1f41e8796"
    integrity sha512-f2dvO0VU6Oej7RkWJGrehjbzMAjFp5/VKPp5tTpWIV4JHHZK1/BxbFRtf/siA2SWTe09caDmVtYYzWEIbBS4zw==
    dependencies:
      function-bind "^1.1.1"
  
  history@^5.3.0:
    version "5.3.0"
    resolved "https://registry.yarnpkg.com/history/-/history-5.3.0.tgz#1548abaa245ba47992f063a0783db91ef201c73b"
    integrity sha512-ZqaKwjjrAYUYfLG+htGaIIZ4nioX2L70ZUMIFysS3xvBsSG4x/n1V6TXV3N8ZYNuFGlDirFg32T7B6WOUPDYcQ==
    dependencies:
      "@babel/runtime" "^7.7.6"
  
  hoist-non-react-statics@^1.0.0:
    version "1.2.0"
    resolved "https://registry.yarnpkg.com/hoist-non-react-statics/-/hoist-non-react-statics-1.2.0.tgz#aa448cf0986d55cc40773b17174b7dd066cb7cfb"
    integrity sha512-r8huvKK+m+VraiRipdZYc+U4XW43j6OFG/oIafe7GfDbRpCduRoX9JI/DRxqgtBSCeL+et6N6ibZoedHS2NyOQ==
  
  hoist-non-react-statics@^3.0.0, hoist-non-react-statics@^3.3.0, hoist-non-react-statics@^3.3.2:
    version "3.3.2"
    resolved "https://registry.yarnpkg.com/hoist-non-react-statics/-/hoist-non-react-statics-3.3.2.tgz#ece0acaf71d62c2969c2ec59feff42a4b1a85b45"
    integrity sha512-/gGivxi8JPKWNm/W0jSmzcMPpfpPLc3dY/6GxhX2hQ9iGj3aDfklV4ET7NjKpSinLpJ5vafa9iiGIEZg10SfBw==
    dependencies:
      react-is "^16.7.0"
  
  iconv-lite@^0.6.2:
    version "0.6.3"
    resolved "https://registry.yarnpkg.com/iconv-lite/-/iconv-lite-0.6.3.tgz#a52f80bf38da1952eb5c681790719871a1a72501"
    integrity sha512-4fCk79wshMdzMp2rH06qWrJE4iolqLhCUH+OiuIgU++RB0+94NlDL81atO7GX55uUKueo0txHNtvEyI6D7WdMw==
    dependencies:
      safer-buffer ">= 2.1.2 < 3.0.0"
  
  import-fresh@^3.1.0:
    version "3.3.0"
    resolved "https://registry.yarnpkg.com/import-fresh/-/import-fresh-3.3.0.tgz#37162c25fcb9ebaa2e6e53d5b4d88ce17d9e0c2b"
    integrity sha512-veYYhQa+D1QBKznvhUHxb8faxlrwUnxseDAbAp457E0wLNio2bOSKnjYDhMj+YiAq61xrMGhQk9iXVk5FzgQMw==
    dependencies:
      parent-module "^1.0.0"
      resolve-from "^4.0.0"
  
  internal-slot@^1.0.3:
    version "1.0.3"
    resolved "https://registry.yarnpkg.com/internal-slot/-/internal-slot-1.0.3.tgz#7347e307deeea2faac2ac6205d4bc7d34967f59c"
    integrity sha512-O0DB1JC/sPyZl7cIo78n5dR7eUSwwpYPiXRhTzNxZVAMUuB8vlnRFyLxdrVToks6XPLVnFfbzaVd5WLjhgg+vA==
    dependencies:
      get-intrinsic "^1.1.0"
      has "^1.0.3"
      side-channel "^1.0.4"
  
  intl-messageformat@10.7.16:
    version "10.7.16"
    resolved "https://registry.yarnpkg.com/intl-messageformat/-/intl-messageformat-10.7.16.tgz#d909f9f9f4ab857fbe681d559b958dd4dd9f665a"
    integrity sha512-UmdmHUmp5CIKKjSoE10la5yfU+AYJAaiYLsodbjL4lji83JNvgOQUjGaGhGrpFCb0Uh7sl7qfP1IyILa8Z40ug==
    dependencies:
      "@formatjs/ecma402-abstract" "2.3.4"
      "@formatjs/fast-memoize" "2.2.7"
      "@formatjs/icu-messageformat-parser" "2.11.2"
      tslib "^2.8.0"
  
  invariant@^2.2.1, invariant@^2.2.4:
    version "2.2.4"
    resolved "https://registry.yarnpkg.com/invariant/-/invariant-2.2.4.tgz#610f3c92c9359ce1db616e538008d23ff35158e6"
    integrity sha512-phJfQVBuaJM5raOpJjSfkiD6BpbCE4Ns//LaXl6wGYtUBY83nWS6Rf9tXm2e8VaK60JEjYldbPif/A2B1C2gNA==
    dependencies:
      loose-envify "^1.0.0"
  
  is-arguments@^1.0.4:
    version "1.1.1"
    resolved "https://registry.yarnpkg.com/is-arguments/-/is-arguments-1.1.1.tgz#15b3f88fda01f2a97fec84ca761a560f123efa9b"
    integrity sha512-8Q7EARjzEnKpt/PCD7e1cgUS0a6X8u5tdSiMqXhojOdoV9TsMsiO+9VLC5vAmO8N7/GmXn7yjR8qnA6bVAEzfA==
    dependencies:
      call-bind "^1.0.2"
      has-tostringtag "^1.0.0"
  
  is-arrayish@^0.2.1:
    version "0.2.1"
    resolved "https://registry.yarnpkg.com/is-arrayish/-/is-arrayish-0.2.1.tgz#77c99840527aa8ecb1a8ba697b80645a7a926a9d"
    integrity sha512-zz06S8t0ozoDXMG+ube26zeCTNXcKIPJZJi8hBrF4idCLms4CG9QtK7qBl1boi5ODzFpjswb5JPmHCbMpjaYzg==
  
  is-bigint@^1.0.1:
    version "1.0.4"
    resolved "https://registry.yarnpkg.com/is-bigint/-/is-bigint-1.0.4.tgz#08147a1875bc2b32005d41ccd8291dffc6691df3"
    integrity sha512-zB9CruMamjym81i2JZ3UMn54PKGsQzsJeo6xvN3HJJ4CAsQNB6iRutp2To77OfCNuoxspsIhzaPoO1zyCEhFOg==
    dependencies:
      has-bigints "^1.0.1"
  
  is-boolean-object@^1.1.0:
    version "1.1.2"
    resolved "https://registry.yarnpkg.com/is-boolean-object/-/is-boolean-object-1.1.2.tgz#5c6dc200246dd9321ae4b885a114bb1f75f63719"
    integrity sha512-gDYaKHJmnj4aWxyj6YHyXVpdQawtVLHU5cb+eztPGczf6cjuTdwve5ZIEfgXqH4e57An1D1AKf8CZ3kYrQRqYA==
    dependencies:
      call-bind "^1.0.2"
      has-tostringtag "^1.0.0"
  
  is-callable@^1.1.4, is-callable@^1.2.4:
    version "1.2.4"
    resolved "https://registry.yarnpkg.com/is-callable/-/is-callable-1.2.4.tgz#47301d58dd0259407865547853df6d61fe471945"
    integrity sha512-nsuwtxZfMX67Oryl9LCQ+upnC0Z0BgpwntpS89m1H/TLF0zNfzfLMV/9Wa/6MZsj0acpEjAO0KF1xT6ZdLl95w==
  
  is-core-module@^2.8.1:
    version "2.9.0"
    resolved "https://registry.yarnpkg.com/is-core-module/-/is-core-module-2.9.0.tgz#e1c34429cd51c6dd9e09e0799e396e27b19a9c69"
    integrity sha512-+5FPy5PnwmO3lvfMb0AsoPaBG+5KHUI0wYFXOtYPnVVVspTFUuMZNfNaNVRt3FZadstu2c8x23vykRW/NBoU6A==
    dependencies:
      has "^1.0.3"
  
  is-date-object@^1.0.1:
    version "1.0.5"
    resolved "https://registry.yarnpkg.com/is-date-object/-/is-date-object-1.0.5.tgz#0841d5536e724c25597bf6ea62e1bd38298df31f"
    integrity sha512-9YQaSxsAiSwcvS33MBk3wTCVnWK+HhF8VZR2jRxehM16QcVOdHqPn4VPHmRK4lSr38n9JriurInLcP90xsYNfQ==
    dependencies:
      has-tostringtag "^1.0.0"
  
  is-negative-zero@^2.0.2:
    version "2.0.2"
    resolved "https://registry.yarnpkg.com/is-negative-zero/-/is-negative-zero-2.0.2.tgz#7bf6f03a28003b8b3965de3ac26f664d765f3150"
    integrity sha512-dqJvarLawXsFbNDeJW7zAz8ItJ9cd28YufuuFzh0G8pNHjJMnY08Dv7sYX2uF5UpQOwieAeOExEYAWWfu7ZZUA==
  
  is-number-object@^1.0.4:
    version "1.0.7"
    resolved "https://registry.yarnpkg.com/is-number-object/-/is-number-object-1.0.7.tgz#59d50ada4c45251784e9904f5246c742f07a42fc"
    integrity sha512-k1U0IRzLMo7ZlYIfzRu23Oh6MiIFasgpb9X76eqfFZAqwH44UI4KTBvBYIZ1dSL9ZzChTB9ShHfLkR4pdW5krQ==
    dependencies:
      has-tostringtag "^1.0.0"
  
  is-regex@^1.0.4, is-regex@^1.1.0, is-regex@^1.1.4:
    version "1.1.4"
    resolved "https://registry.yarnpkg.com/is-regex/-/is-regex-1.1.4.tgz#eef5663cd59fa4c0ae339505323df6854bb15958"
    integrity sha512-kvRdxDsxZjhzUX07ZnLydzS1TU/TJlTUHHY4YLL87e37oUA49DfkLqgy+VjFocowy29cKvcSiu+kIv728jTTVg==
    dependencies:
      call-bind "^1.0.2"
      has-tostringtag "^1.0.0"
  
  is-shared-array-buffer@^1.0.2:
    version "1.0.2"
    resolved "https://registry.yarnpkg.com/is-shared-array-buffer/-/is-shared-array-buffer-1.0.2.tgz#8f259c573b60b6a32d4058a1a07430c0a7344c79"
    integrity sha512-sqN2UDu1/0y6uvXyStCOzyhAjCSlHceFoMKJW8W9EU9cvic/QdsZ0kEU93HEy3IUEFZIiH/3w+AH/UQbPHNdhA==
    dependencies:
      call-bind "^1.0.2"
  
  is-stream@^1.0.1:
    version "1.1.0"
    resolved "https://registry.yarnpkg.com/is-stream/-/is-stream-1.1.0.tgz#12d4a3dd4e68e0b79ceb8dbc84173ae80d91ca44"
    integrity sha512-uQPm8kcs47jx38atAcWTVxyltQYoPT68y9aWYdV6yWXSyW8mzSat0TL6CiWdZeCdF3KrAvpVtnHbTv4RN+rqdQ==
  
  is-string@^1.0.5, is-string@^1.0.7:
    version "1.0.7"
    resolved "https://registry.yarnpkg.com/is-string/-/is-string-1.0.7.tgz#0dd12bf2006f255bb58f695110eff7491eebc0fd"
    integrity sha512-tE2UXzivje6ofPW7l23cjDOMa09gb7xlAqG6jG5ej6uPV32TlWP3NKPigtaGeHNu9fohccRYvIiZMfOOnOYUtg==
    dependencies:
      has-tostringtag "^1.0.0"
  
  is-symbol@^1.0.2, is-symbol@^1.0.3:
    version "1.0.4"
    resolved "https://registry.yarnpkg.com/is-symbol/-/is-symbol-1.0.4.tgz#a6dac93b635b063ca6872236de88910a57af139c"
    integrity sha512-C/CPBqKWnvdcxqIARxyOh4v1UUEOCHpgDa0WYgpKDFMszcrPcffg5uhwSgPCLD2WWxmq6isisz87tzT01tuGhg==
    dependencies:
      has-symbols "^1.0.2"
  
  is-weakref@^1.0.2:
    version "1.0.2"
    resolved "https://registry.yarnpkg.com/is-weakref/-/is-weakref-1.0.2.tgz#9529f383a9338205e89765e0392efc2f100f06f2"
    integrity sha512-qctsuLZmIQ0+vSSMfoVvyFe2+GSEvnmZ2ezTup1SBse9+twCCeial6EEi3Nc2KFcf6+qz2FBPnjXsk8xhKSaPQ==
    dependencies:
      call-bind "^1.0.2"
  
  isomorphic-fetch@^2.1.1:
    version "2.2.1"
    resolved "https://registry.yarnpkg.com/isomorphic-fetch/-/isomorphic-fetch-2.2.1.tgz#611ae1acf14f5e81f729507472819fe9733558a9"
    integrity sha512-9c4TNAKYXM5PRyVcwUZrF3W09nQ+sO7+jydgs4ZGW9dhsLG2VOlISJABombdQqQRXCwuYG3sYV/puGf5rp0qmA==
    dependencies:
      node-fetch "^1.0.1"
      whatwg-fetch ">=0.10.0"
  
  iterall@1.0.2:
    version "1.0.2"
    resolved "https://registry.yarnpkg.com/iterall/-/iterall-1.0.2.tgz#41a2e96ce9eda5e61c767ee5dc312373bb046e91"
    integrity sha512-RaKa8RHmSay1GvkTLOYRT8Ju9/Cf0DRK9z7YzS14sID4e2hkP4eknzDhTtzTboO8shZIysbVEEnmjJEHxOVIMQ==
  
  jest-diff@^24.3.0:
    version "24.9.0"
    resolved "https://registry.yarnpkg.com/jest-diff/-/jest-diff-24.9.0.tgz#931b7d0d5778a1baf7452cb816e325e3724055da"
    integrity sha512-qMfrTs8AdJE2iqrTp0hzh7kTd2PQWrsFyj9tORoKmu32xjPjeE4NyjVRDz8ybYwqS2ik8N4hsIpiVTyFeo2lBQ==
    dependencies:
      chalk "^2.0.1"
      diff-sequences "^24.9.0"
      jest-get-type "^24.9.0"
      pretty-format "^24.9.0"
  
  jest-get-type@^24.9.0:
    version "24.9.0"
    resolved "https://registry.yarnpkg.com/jest-get-type/-/jest-get-type-24.9.0.tgz#1684a0c8a50f2e4901b6644ae861f579eed2ef0e"
    integrity sha512-lUseMzAley4LhIcpSP9Jf+fTrQ4a1yHQwLNeeVa2cEmbCGeoZAtYPOIv8JaxLD/sUpKxetKGP+gsHl8f8TSj8Q==
  
  js-cookie@^3.0.1:
    version "3.0.1"
    resolved "https://registry.yarnpkg.com/js-cookie/-/js-cookie-3.0.1.tgz#9e39b4c6c2f56563708d7d31f6f5f21873a92414"
    integrity sha512-+0rgsUXZu4ncpPxRL+lNEptWMOWl9etvPHc/koSRp6MPwpRYAhmk0dUG00J4bxVV3r9uUzfo24wW0knS07SKSw==
  
  "js-tokens@^3.0.0 || ^4.0.0", js-tokens@^4.0.0:
    version "4.0.0"
    resolved "https://registry.yarnpkg.com/js-tokens/-/js-tokens-4.0.0.tgz#19203fb59991df98e3a287050d4647cdeaf32499"
    integrity sha512-RdJUflcE3cUzKiMqQgsCu06FPu9UdIJO0beYbPhHN4k6apgJtifcoCtT9bcxOpYBtpD2kCM6Sbzg4CausW/PKQ==
  
  json-parse-even-better-errors@^2.3.0:
    version "2.3.1"
    resolved "https://registry.yarnpkg.com/json-parse-even-better-errors/-/json-parse-even-better-errors-2.3.1.tgz#7c47805a94319928e05777405dc12e1f7a4ee02d"
    integrity sha512-xyFwyhro/JEof6Ghe2iz2NcXoj2sloNsWr/XsERDK/oiPCfaNhl5ONfp+jQdAZRQQ0IJWNzH9zIZF7li91kh2w==
  
  lines-and-columns@^1.1.6:
    version "1.2.4"
    resolved "https://registry.yarnpkg.com/lines-and-columns/-/lines-and-columns-1.2.4.tgz#eca284f75d2965079309dc0ad9255abb2ebc1632"
    integrity sha512-7ylylesZQ/PV29jhEDl3Ufjo6ZX7gCqJr5F7PKrqc93v7fzSymt1BpwEU8nAUXs8qzzvqhbjhK5QZg6Mt/HkBg==
  
  lodash-es@^4.17.15:
    version "4.17.21"
    resolved "https://registry.yarnpkg.com/lodash-es/-/lodash-es-4.17.21.tgz#43e626c46e6591b7750beb2b50117390c609e3ee"
    integrity sha512-mKnC+QJ9pWVzv+C4/U3rRsHapFfHvQFoFB92e52xeyGMcX6/OlIl78je1u8vePzYZSkkogMPJ2yjxxsb89cxyw==
  
  lodash@^4.0.1, lodash@^4.17.15:
    version "4.17.21"
    resolved "https://registry.yarnpkg.com/lodash/-/lodash-4.17.21.tgz#679591c564c3bffaae8454cf0b3df370c3d6911c"
    integrity sha512-v2kDEe57lecTulaDIuNTPy3Ry4gLGJ6Z1O3vE1krgXZNrsQ+LFTGHVxVjcXPs17LhbZVGedAJv8XZ1tvj5FvSg==
  
  loose-envify@^1.0.0, loose-envify@^1.1.0, loose-envify@^1.4.0:
    version "1.4.0"
    resolved "https://registry.yarnpkg.com/loose-envify/-/loose-envify-1.4.0.tgz#71ee51fa7be4caec1a63839f7e682d8132d30caf"
    integrity sha512-lyuxPGr/Wfhrlem2CL/UcnUc1zcqKAImBDzukY7Y5F/yQiNdko6+fRLevlw1HgMySw7f611UIY408EtxRSoK3Q==
    dependencies:
      js-tokens "^3.0.0 || ^4.0.0"
  
  material-colors@^1.2.1:
    version "1.2.6"
    resolved "https://registry.yarnpkg.com/material-colors/-/material-colors-1.2.6.tgz#6d1958871126992ceecc72f4bcc4d8f010865f46"
    integrity sha512-6qE4B9deFBIa9YSpOc9O0Sgc43zTeVYbgDT5veRKSlB2+ZuHNoVVxA1L/ckMUayV9Ay9y7Z/SZCLcGteW9i7bg==
  
  memoize-one@^5.0.0:
    version "5.2.1"
    resolved "https://registry.yarnpkg.com/memoize-one/-/memoize-one-5.2.1.tgz#8337aa3c4335581839ec01c3d594090cebe8f00e"
    integrity sha512-zYiwtZUcYyXKo/np96AGZAckk+FWWsUdJ3cHGGmld7+AhvcWmQyGCYUh1hc4Q/pkOhb65dQR/pqCyK0cOaHz4Q==
  
  mime-db@1.52.0:
    version "1.52.0"
    resolved "https://registry.yarnpkg.com/mime-db/-/mime-db-1.52.0.tgz#bbabcdc02859f4987301c856e3387ce5ec43bf70"
    integrity sha512-sPU4uV7dYlvtWJxwwxHD0PuihVNiE7TyAbQ5SWxDCB9mUYvOgroQOwYQQOKPJ8CIbE+1ETVlOoK1UC2nU3gYvg==
  
  mime-types@^2.1.12:
    version "2.1.35"
    resolved "https://registry.yarnpkg.com/mime-types/-/mime-types-2.1.35.tgz#381a871b62a734450660ae3deee44813f70d959a"
    integrity sha512-ZDY+bPm5zTTF+YpCrAU9nK0UgICYPT0QtT1NZWFv4s++TNkcgVaT0g6+4R2uI4MjQjzysHB1zxuWL50hzaeXiw==
    dependencies:
      mime-db "1.52.0"
  
  minimist@^1.2.6:
    version "1.2.6"
    resolved "https://registry.yarnpkg.com/minimist/-/minimist-1.2.6.tgz#8637a5b759ea0d6e98702cfb3a9283323c93af44"
    integrity sha512-Jsjnk4bw3YJqYzbdyBiNsPWHPfO++UGG749Cxs6peCu5Xg4nrena6OVxOYxrQTqww0Jmwt+Ref8rggumkTLz9Q==
  
  mkdirp@^0.5.1:
    version "0.5.6"
    resolved "https://registry.yarnpkg.com/mkdirp/-/mkdirp-0.5.6.tgz#7def03d2432dcae4ba1d611445c48396062255f6"
    integrity sha512-FP+p8RB8OWpF3YZBCrP5gtADmtXApB5AMLn+vdyA+PyxCjrCs00mjyUozssO33cwDeT3wNGdLxJ5M//YqtHAJw==
    dependencies:
      minimist "^1.2.6"
  
  no-scroll@^2.1.1:
    version "2.1.1"
    resolved "https://registry.yarnpkg.com/no-scroll/-/no-scroll-2.1.1.tgz#f37e08cb159b75a5bdbfc0a87cd9223e120e6e27"
    integrity sha512-YTzGAJOo/B6hkodeT5SKKHpOhAzjMfkUCCXjLJwjWk2F4/InIg+HbdH9kmT7bKpleDuqLZDTRy2OdNtAj0IVyQ==
  
  node-fetch@^1.0.1:
    version "1.7.3"
    resolved "https://registry.yarnpkg.com/node-fetch/-/node-fetch-1.7.3.tgz#980f6f72d85211a5347c6b2bc18c5b84c3eb47ef"
    integrity sha512-NhZ4CsKx7cYm2vSrBAr2PvFOe6sWDf0UYLRqA6svUYg7+/TSfVAu49jYC4BvQ4Sms9SZgdqGBgroqfDhJdTyKQ==
    dependencies:
      encoding "^0.1.11"
      is-stream "^1.0.1"
  
  node-releases@^2.0.5:
    version "2.0.5"
    resolved "https://registry.yarnpkg.com/node-releases/-/node-releases-2.0.5.tgz#280ed5bc3eba0d96ce44897d8aee478bfb3d9666"
    integrity sha512-U9h1NLROZTq9uE1SNffn6WuPDg8icmi3ns4rEl/oTfIle4iLjTliCzgTsbaIFMq/Xn078/lfY/BL0GWZ+psK4Q==
  
  nopt@~1.0.10:
    version "1.0.10"
    resolved "https://registry.yarnpkg.com/nopt/-/nopt-1.0.10.tgz#6ddd21bd2a31417b92727dd585f8a6f37608ebee"
    integrity sha512-NWmpvLSqUrgrAC9HCuxEvb+PSloHpqVu+FqcO4eeF2h5qYRhA7ev6KvelyQAKtegUbC6RypJnlEOhd8vloNKYg==
    dependencies:
      abbrev "1"
  
  normalize-range@^0.1.2:
    version "0.1.2"
    resolved "https://registry.yarnpkg.com/normalize-range/-/normalize-range-0.1.2.tgz#2d10c06bdfd312ea9777695a4d28439456b75942"
    integrity sha512-bdok/XvKII3nUpklnV6P2hxtMNrCboOjAcyBuQnWEhO665FwrSNRxU+AqpsyvO6LgGYPspN+lu5CLtw4jPRKNA==
  
  num2fraction@^1.2.2:
    version "1.2.2"
    resolved "https://registry.yarnpkg.com/num2fraction/-/num2fraction-1.2.2.tgz#6f682b6a027a4e9ddfa4564cd2589d1d4e669ede"
    integrity sha512-Y1wZESM7VUThYY+4W+X4ySH2maqcA+p7UR+w8VWNWVAd6lwuXXWz/w/Cz43J/dI2I+PS6wD5N+bJUF+gjWvIqg==
  
  object-assign@^4.1.0, object-assign@^4.1.1:
    version "4.1.1"
    resolved "https://registry.yarnpkg.com/object-assign/-/object-assign-4.1.1.tgz#2109adc7965887cfc05cbbd442cac8bfbb360863"
    integrity sha512-rJgTQnkUnH1sFw8yT6VSU3zD3sWmu6sZhIseY8VX+GRu3P6F7Fu+JNDoXfklElbLJSnc3FUQHVe4cU5hj+BcUg==
  
  object-inspect@^1.12.0, object-inspect@^1.9.0:
    version "1.12.2"
    resolved "https://registry.yarnpkg.com/object-inspect/-/object-inspect-1.12.2.tgz#c0641f26394532f28ab8d796ab954e43c009a8ea"
    integrity sha512-z+cPxW0QGUp0mcqcsgQyLVRDoXFQbXOwBaqyF7VIgI4TWNQsDHrBpUQslRmIfAoYWdYzs6UlKJtB2XJpTaNSpQ==
  
  object-is@^1.0.1, object-is@^1.1.2:
    version "1.1.5"
    resolved "https://registry.yarnpkg.com/object-is/-/object-is-1.1.5.tgz#b9deeaa5fc7f1846a0faecdceec138e5778f53ac"
    integrity sha512-3cyDsyHgtmi7I7DfSSI2LDp6SK2lwvtbg0p0R1e0RvTqF5ceGx+K2dfSjm1bKDMVCFEDAQvy+o8c6a7VujOddw==
    dependencies:
      call-bind "^1.0.2"
      define-properties "^1.1.3"
  
  object-keys@^1.1.1:
    version "1.1.1"
    resolved "https://registry.yarnpkg.com/object-keys/-/object-keys-1.1.1.tgz#1c47f272df277f3b1daf061677d9c82e2322c60e"
    integrity sha512-NuAESUOUMrlIXOfHKzD6bpPu3tYt3xvjNdRIQ+FeT0lNb4K8WR70CaDxhuNguS2XG+GjkyMwOzsN5ZktImfhLA==
  
  object.assign@^4.1.0, object.assign@^4.1.2:
    version "4.1.2"
    resolved "https://registry.yarnpkg.com/object.assign/-/object.assign-4.1.2.tgz#0ed54a342eceb37b38ff76eb831a0e788cb63940"
    integrity sha512-ixT2L5THXsApyiUPYKmW+2EHpXXe5Ii3M+f4e+aJFAHao5amFRW6J0OO6c/LU8Be47utCx2GL89hxGB6XSmKuQ==
    dependencies:
      call-bind "^1.0.0"
      define-properties "^1.1.3"
      has-symbols "^1.0.1"
      object-keys "^1.1.1"
  
  object.entries@^1.1.2:
    version "1.1.5"
    resolved "https://registry.yarnpkg.com/object.entries/-/object.entries-1.1.5.tgz#e1acdd17c4de2cd96d5a08487cfb9db84d881861"
    integrity sha512-TyxmjUoZggd4OrrU1W66FMDG6CuqJxsFvymeyXI51+vQLN67zYfZseptRge703kKQdo4uccgAKebXFcRCzk4+g==
    dependencies:
      call-bind "^1.0.2"
      define-properties "^1.1.3"
      es-abstract "^1.19.1"
  
  object.values@^1.1.0:
    version "1.1.5"
    resolved "https://registry.yarnpkg.com/object.values/-/object.values-1.1.5.tgz#959f63e3ce9ef108720333082131e4a459b716ac"
    integrity sha512-QUZRW0ilQ3PnPpbNtgdNV1PDbEqLIiSFB3l+EnGtBQ/8SUTLj1PZwtQHABZtLgwpJZTSZhuGLOGk57Drx2IvYg==
    dependencies:
      call-bind "^1.0.2"
      define-properties "^1.1.3"
      es-abstract "^1.19.1"
  
  parent-module@^1.0.0:
    version "1.0.1"
    resolved "https://registry.yarnpkg.com/parent-module/-/parent-module-1.0.1.tgz#691d2709e78c79fae3a156622452d00762caaaa2"
    integrity sha512-GQ2EWRpQV8/o+Aw8YqtfZZPfNRWZYkbidE9k5rpl/hC3vtHHBfGm2Ifi6qWV+coDGkrUKZAxE3Lot5kcsRlh+g==
    dependencies:
      callsites "^3.0.0"
  
  parse-json@^5.0.0:
    version "5.2.0"
    resolved "https://registry.yarnpkg.com/parse-json/-/parse-json-5.2.0.tgz#c76fc66dee54231c962b22bcc8a72cf2f99753cd"
    integrity sha512-ayCKvm/phCGxOkYRSCM82iDwct8/EonSEgCSxWxD7ve6jHggsFl4fZVQBPRNgQoKiuV/odhFrGzQXZwbifC8Rg==
    dependencies:
      "@babel/code-frame" "^7.0.0"
      error-ex "^1.3.1"
      json-parse-even-better-errors "^2.3.0"
      lines-and-columns "^1.1.6"
  
  path-parse@^1.0.7:
    version "1.0.7"
    resolved "https://registry.yarnpkg.com/path-parse/-/path-parse-1.0.7.tgz#fbc114b60ca42b30d9daf5858e4bd68bbedb6735"
    integrity sha512-LDJzPVEEEPR+y48z93A0Ed0yXb8pAByGWo/k5YYdYgpY2/2EsOsksJrq7lOHxryrVOn1ejG6oAp8ahvOIQD8sw==
  
  path-type@^4.0.0:
    version "4.0.0"
    resolved "https://registry.yarnpkg.com/path-type/-/path-type-4.0.0.tgz#84ed01c0a7ba380afe09d90a8c180dcd9d03043b"
    integrity sha512-gDKb8aZMDeD/tZWs9P6+q0J9Mwkdl6xMV8TjnGP3qJVJ06bdMgkbBlLU8IdfOsIsFz2BW1rNVT3XuNEl8zPAvw==
  
  performance-now@^2.1.0:
    version "2.1.0"
    resolved "https://registry.yarnpkg.com/performance-now/-/performance-now-2.1.0.tgz#6309f4e0e5fa913ec1c69307ae364b4b377c9e7b"
    integrity sha512-7EAHlyLHI56VEIdK57uwHdHKIaAGbnXPiw0yWbarQZOKaKpvUIgW0jWRVLiatnM+XXlSwsanIBH/hzGMJulMow==
  
  picocolors@^0.2.1:
    version "0.2.1"
    resolved "https://registry.yarnpkg.com/picocolors/-/picocolors-0.2.1.tgz#570670f793646851d1ba135996962abad587859f"
    integrity sha512-cMlDqaLEqfSaW8Z7N5Jw+lyIW869EzT73/F5lhtY9cLGoVxSXznfgfXMO0Z5K0o0Q2TkTXq+0KFsdnSe3jDViA==
  
  picocolors@^1.0.0:
    version "1.0.0"
    resolved "https://registry.yarnpkg.com/picocolors/-/picocolors-1.0.0.tgz#cb5bdc74ff3f51892236eaf79d68bc44564ab81c"
    integrity sha512-1fygroTLlHu66zi26VoTDv8yRgm0Fccecssto+MhsZ0D/DGW2sm8E8AjW7NU5VVTRt5GxbeZ5qBuJr+HyLYkjQ==
  
  popper.js@^1.14.4:
    version "1.16.1"
    resolved "https://registry.yarnpkg.com/popper.js/-/popper.js-1.16.1.tgz#2a223cb3dc7b6213d740e40372be40de43e65b1b"
    integrity sha512-Wb4p1J4zyFTbM+u6WuO4XstYx4Ky9Cewe4DWrel7B0w6VVICvPwdOpotjzcf6eD8TsckVnIMNONQyPIUFOUbCQ==
  
  postcss-value-parser@^4.1.0:
    version "4.2.0"
    resolved "https://registry.yarnpkg.com/postcss-value-parser/-/postcss-value-parser-4.2.0.tgz#723c09920836ba6d3e5af019f92bc0971c02e514"
    integrity sha512-1NNCs6uurfkVbeXG4S8JFT9t19m45ICnif8zWLd5oPSZ50QnwMfK+H3jv408d4jw/7Bttv5axS5IiHoLaVNHeQ==
  
  postcss@^7.0.32:
    version "7.0.39"
    resolved "https://registry.yarnpkg.com/postcss/-/postcss-7.0.39.tgz#9624375d965630e2e1f2c02a935c82a59cb48309"
    integrity sha512-yioayjNbHn6z1/Bywyb2Y4s3yvDAeXGOyxqD+LnVOinq6Mdmd++SW2wUNVzavyyHxd6+DxzWGIuosg6P1Rj8uA==
    dependencies:
      picocolors "^0.2.1"
      source-map "^0.6.1"
  
  pretty-format@^24.9.0:
    version "24.9.0"
    resolved "https://registry.yarnpkg.com/pretty-format/-/pretty-format-24.9.0.tgz#12fac31b37019a4eea3c11aa9a959eb7628aa7c9"
    integrity sha512-00ZMZUiHaJrNfk33guavqgvfJS30sLYf0f8+Srklv0AMPodGGHcoHgksZ3OThYnIvOd+8yMCn0YiEOogjlgsnA==
    dependencies:
      "@jest/types" "^24.9.0"
      ansi-regex "^4.0.0"
      ansi-styles "^3.2.0"
      react-is "^16.8.4"
  
  promise@^7.1.1:
    version "7.3.1"
    resolved "https://registry.yarnpkg.com/promise/-/promise-7.3.1.tgz#064b72602b18f90f29192b8b1bc418ffd1ebd3bf"
    integrity sha512-nolQXZ/4L+bP/UGlkfaIujX9BKxGwmQ9OT4mOt5yvy8iK1h3wqTEJCijzGANTCCl9nWjY41juyAn2K3Q1hLLTg==
    dependencies:
      asap "~2.0.3"
  
  prop-types-exact@^1.2.0:
    version "1.2.0"
    resolved "https://registry.yarnpkg.com/prop-types-exact/-/prop-types-exact-1.2.0.tgz#825d6be46094663848237e3925a98c6e944e9869"
    integrity sha512-K+Tk3Kd9V0odiXFP9fwDHUYRyvK3Nun3GVyPapSIs5OBkITAm15W0CPFD/YKTkMUAbc0b9CUwRQp2ybiBIq+eA==
    dependencies:
      has "^1.0.3"
      object.assign "^4.1.0"
      reflect.ownkeys "^0.2.0"
  
  prop-types-extra@^1.1.0:
    version "1.1.1"
    resolved "https://registry.yarnpkg.com/prop-types-extra/-/prop-types-extra-1.1.1.tgz#58c3b74cbfbb95d304625975aa2f0848329a010b"
    integrity sha512-59+AHNnHYCdiC+vMwY52WmvP5dM3QLeoumYuEyceQDi9aEhtwN9zIQ2ZNo25sMyXnbh32h+P1ezDsUpUH3JAew==
    dependencies:
      react-is "^16.3.2"
      warning "^4.0.0"
  
  prop-types@^15.5.0, prop-types@^15.5.10, prop-types@^15.5.8, prop-types@^15.6.0, prop-types@^15.6.1, prop-types@^15.6.2, prop-types@^15.7.2, prop-types@^15.8.1:
    version "15.8.1"
    resolved "https://registry.yarnpkg.com/prop-types/-/prop-types-15.8.1.tgz#67d87bf1a694f48435cf332c24af10214a3140b5"
    integrity sha512-oj87CgZICdulUohogVAR7AjlC0327U4el4L6eAvOqCeudMDVU0NThNaV+b9Df4dXgSP1gXMTnPdhfe/2qDH5cg==
    dependencies:
      loose-envify "^1.4.0"
      object-assign "^4.1.1"
      react-is "^16.13.1"
  
  raf@^3.3.0, raf@^3.4.0:
    version "3.4.1"
    resolved "https://registry.yarnpkg.com/raf/-/raf-3.4.1.tgz#0742e99a4a6552f445d73e3ee0328af0ff1ede39"
    integrity sha512-Sq4CW4QhwOHE8ucn6J34MqtZCeWFP2aQSmrlroYgqAV1PjStIhJXxYuTgUIfkEk7zTLjmIjLmU5q+fbD1NnOJA==
    dependencies:
      performance-now "^2.1.0"
  
  react-apollo@^3.1.3:
    version "3.1.5"
    resolved "https://registry.yarnpkg.com/react-apollo/-/react-apollo-3.1.5.tgz#36692d393c47e7ccc37f0a885c7cc5a8b4961c91"
    integrity sha512-xOxMqxORps+WHrUYbjVHPliviomefOpu5Sh35oO3osuOyPTxvrljdfTLGCggMhcXBsDljtS5Oy4g+ijWg3D4JQ==
    dependencies:
      "@apollo/react-common" "^3.1.4"
      "@apollo/react-components" "^3.1.5"
      "@apollo/react-hoc" "^3.1.5"
      "@apollo/react-hooks" "^3.1.5"
      "@apollo/react-ssr" "^3.1.5"
  
  react-collapse@^5.1.1:
    version "5.1.1"
    resolved "https://registry.yarnpkg.com/react-collapse/-/react-collapse-5.1.1.tgz#a2fa08ef13f372141b02e6a7d49ef72427bcbc2b"
    integrity sha512-k6cd7csF1o9LBhQ4AGBIdxB60SUEUMQDAnL2z1YvYNr9KoKr+nDkhN6FK7uGaBd/rYrYfrMpzpmJEIeHRYogBw==
  
  react-color@^2.17.0:
    version "2.19.3"
    resolved "https://registry.yarnpkg.com/react-color/-/react-color-2.19.3.tgz#ec6c6b4568312a3c6a18420ab0472e146aa5683d"
    integrity sha512-LEeGE/ZzNLIsFWa1TMe8y5VYqr7bibneWmvJwm1pCn/eNmrabWDh659JSPn9BuaMpEfU83WTOJfnCcjDZwNQTA==
    dependencies:
      "@icons/material" "^0.2.4"
      lodash "^4.17.15"
      lodash-es "^4.17.15"
      material-colors "^1.2.1"
      prop-types "^15.5.10"
      reactcss "^1.2.0"
      tinycolor2 "^1.4.1"
  
  react-context-toolbox@^2.0.2:
    version "2.0.2"
    resolved "https://registry.yarnpkg.com/react-context-toolbox/-/react-context-toolbox-2.0.2.tgz#35637287cb23f801e6ed802c2bb7a97e1f04e3fb"
    integrity sha512-tY4j0imkYC3n5ZlYSgFkaw7fmlCp3IoQQ6DxpqeNHzcD0hf+6V+/HeJxviLUZ1Rv1Yn3N3xyO2EhkkZwHn0m1A==
  
  react-cookie@^4.1.1:
    version "4.1.1"
    resolved "https://registry.yarnpkg.com/react-cookie/-/react-cookie-4.1.1.tgz#832e134ad720e0de3e03deaceaab179c4061a19d"
    integrity sha512-ffn7Y7G4bXiFbnE+dKhHhbP+b8I34mH9jqnm8Llhj89zF4nPxPutxHT1suUqMeCEhLDBI7InYwf1tpaSoK5w8A==
    dependencies:
      "@types/hoist-non-react-statics" "^3.0.1"
      hoist-non-react-statics "^3.0.0"
      universal-cookie "^4.0.0"
  
  react-cookies@^0.1.1:
    version "0.1.1"
    resolved "https://registry.yarnpkg.com/react-cookies/-/react-cookies-0.1.1.tgz#2a35807e04f5a13f58ccd1a9fb66574506873c88"
    integrity sha512-PP75kJ4vtoHuuTdq0TAD3RmlAv7vuDQh9fkC4oDlhntgs9vX1DmREomO0Y1mcQKR9nMZ6/zxoflaMJ3MAmF5KQ==
    dependencies:
      cookie "^0.3.1"
      object-assign "^4.1.1"
  
  react-datepicker@^2.3.0:
    version "2.16.0"
    resolved "https://registry.yarnpkg.com/react-datepicker/-/react-datepicker-2.16.0.tgz#6bd68de94f5fb38c8f6a4370f3c612837c700e4e"
    integrity sha512-TvcmSY27rn0JKvuJuIXNNS+niGQNdgtuG/CsBttVYhPOA9KmSw7c2PvQBPVEvzkyV+QPNJ8jN/KVJNj9uvopqA==
    dependencies:
      classnames "^2.2.6"
      date-fns "^2.0.1"
      prop-types "^15.7.2"
      react-onclickoutside "^6.9.0"
      react-popper "^1.3.4"
  
  react-docgen-displayname-handler@^2.1.1:
    version "2.1.3"
    resolved "https://registry.yarnpkg.com/react-docgen-displayname-handler/-/react-docgen-displayname-handler-2.1.3.tgz#7ca8ec759a56600a23b4fa751378fa8e7baf9120"
    integrity sha512-XfQCjDC/8hy0rDZ+VudYplQCdp/fx3z7Ffp22+6s2MSbZ2I/1yw4Tn+ntxkUgI0hrQzB6Nidg/wzLpA5Dbj+xg==
    dependencies:
      ast-types "0.13.2"
  
  react-dom@^16.8.3:
    version "16.14.0"
    resolved "https://registry.yarnpkg.com/react-dom/-/react-dom-16.14.0.tgz#7ad838ec29a777fb3c75c3a190f661cf92ab8b89"
    integrity sha512-1gCeQXDLoIqMgqD3IO2Ah9bnf0w9kzhwN5q4FGnHZ67hBm9yePzB5JJAIQCc8x3pFnNlwFq4RidZggNAAkzWWw==
    dependencies:
      loose-envify "^1.1.0"
      object-assign "^4.1.1"
      prop-types "^15.6.2"
      scheduler "^0.19.1"
  
  react-dropzone@^10.2.1:
    version "10.2.2"
    resolved "https://registry.yarnpkg.com/react-dropzone/-/react-dropzone-10.2.2.tgz#67b4db7459589a42c3b891a82eaf9ade7650b815"
    integrity sha512-U5EKckXVt6IrEyhMMsgmHQiWTGLudhajPPG77KFSvgsMqNEHSyGpqWvOMc5+DhEah/vH4E1n+J5weBNLd5VtyA==
    dependencies:
      attr-accept "^2.0.0"
      file-selector "^0.1.12"
      prop-types "^15.7.2"
  
  react-fast-compare@^3.1.1:
    version "3.2.0"
    resolved "https://registry.yarnpkg.com/react-fast-compare/-/react-fast-compare-3.2.0.tgz#641a9da81b6a6320f270e89724fb45a0b39e43bb"
    integrity sha512-rtGImPZ0YyLrscKI9xTpV8psd6I8VAtjKCzQDlzyDvqJA8XOW78TXYQwNRNd8g8JZnDu8q9Fu/1v4HPAVwVdHA==
  
  react-graphql@^0.0.3:
    version "0.0.3"
    resolved "https://registry.yarnpkg.com/react-graphql/-/react-graphql-0.0.3.tgz#475aad3af235992ae9010bb78278ced6117b90a4"
    integrity sha512-LCO07fcySruVKaC7RqryGpZEga5w5hDQd5T7Ap8aICye91ZMQ4ds6A0Am8bU+ZA+RHI7XrHT06jUq6Dr0R8sGg==
    dependencies:
      graphql-cache "^0.3.0"
      graphql-tag "^0.1.14"
      recompose "^0.20.2"
      uuid "^3.0.1"
  
  react-helmet@^6.1.0:
    version "6.1.0"
    resolved "https://registry.yarnpkg.com/react-helmet/-/react-helmet-6.1.0.tgz#a750d5165cb13cf213e44747502652e794468726"
    integrity sha512-4uMzEY9nlDlgxr61NL3XbKRy1hEkXmKNXhjbAIOVw5vcFrsdYbH2FEwcNyWvWinl103nXgzYNlns9ca+8kFiWw==
    dependencies:
      object-assign "^4.1.1"
      prop-types "^15.7.2"
      react-fast-compare "^3.1.1"
      react-side-effect "^2.1.0"
  
  react-icons@^3.7.0:
    version "3.11.0"
    resolved "https://registry.yarnpkg.com/react-icons/-/react-icons-3.11.0.tgz#2ca2903dfab8268ca18ebd8cc2e879921ec3b254"
    integrity sha512-JRgiI/vdF6uyBgyZhVyYJUZAop95Sy4XDe/jmT3R/bKliFWpO/uZBwvSjWEdxwzec7SYbEPNPck0Kff2tUGM2Q==
    dependencies:
      camelcase "^5.0.0"
  
  react-input-autosize@^2.2.1:
    version "2.2.2"
    resolved "https://registry.yarnpkg.com/react-input-autosize/-/react-input-autosize-2.2.2.tgz#fcaa7020568ec206bc04be36f4eb68e647c4d8c2"
    integrity sha512-jQJgYCA3S0j+cuOwzuCd1OjmBmnZLdqQdiLKRYrsMMzbjUrVDS5RvJUDwJqA7sKuksDuzFtm6hZGKFu7Mjk5aw==
    dependencies:
      prop-types "^15.5.8"
  
  react-input-mask@^2.0.4:
    version "2.0.4"
    resolved "https://registry.yarnpkg.com/react-input-mask/-/react-input-mask-2.0.4.tgz#9ade5cf8196f4a856dbf010820fe75a795f3eb14"
    integrity sha512-1hwzMr/aO9tXfiroiVCx5EtKohKwLk/NT8QlJXHQ4N+yJJFyUuMT+zfTpLBwX/lK3PkuMlievIffncpMZ3HGRQ==
    dependencies:
      invariant "^2.2.4"
      warning "^4.0.2"
  
  react-intl@^7.1.11:
    version "7.1.11"
    resolved "https://registry.yarnpkg.com/react-intl/-/react-intl-7.1.11.tgz#6155602c46621ad9b67dd31750d00908e1e0b516"
    integrity sha512-tnVoRCWvW5Ie2ikYSdPF7z3+880yCe/9xPmitFeRPw3RYDcCfR4m8ZYa4MBq19W4adt9Z+PQA4FaMBCJ7E+HCQ==
    dependencies:
      "@formatjs/ecma402-abstract" "2.3.4"
      "@formatjs/icu-messageformat-parser" "2.11.2"
      "@formatjs/intl" "3.1.6"
      "@types/hoist-non-react-statics" "^3.3.1"
      "@types/react" "16 || 17 || 18 || 19"
      hoist-non-react-statics "^3.3.2"
      intl-messageformat "10.7.16"
      tslib "^2.8.0"
  
  react-is@^16.13.1, react-is@^16.3.2, react-is@^16.7.0, react-is@^16.8.4:
    version "16.13.1"
    resolved "https://registry.yarnpkg.com/react-is/-/react-is-16.13.1.tgz#789729a4dc36de2999dc156dd6c1d9c18cea56a4"
    integrity sha512-24e6ynE2H+OKt4kqsOvNd8kBpV65zoxbA4BVsEOB3ARVWQki/DHzaUoC5KuON/BiccDaCCTZBuOcfZs70kR8bQ==
  
  react-lifecycles-compat@^3.0.4:
    version "3.0.4"
    resolved "https://registry.yarnpkg.com/react-lifecycles-compat/-/react-lifecycles-compat-3.0.4.tgz#4f1a273afdfc8f3488a8c516bfda78f872352362"
    integrity sha512-fBASbA6LnOU9dOU2eW7aQ8xmYBSXUIWr+UmF9b1efZBazGNO+rcXT/icdKnYm2pTwcRylVUYwW7H1PHfLekVzA==
  
  react-loading@^2.0.3:
    version "2.0.3"
    resolved "https://registry.yarnpkg.com/react-loading/-/react-loading-2.0.3.tgz#e8138fb0c3e4674e481b320802ac7048ae14ffb9"
    integrity sha512-Vdqy79zq+bpeWJqC+xjltUjuGApyoItPgL0vgVfcJHhqwU7bAMKzysfGW/ADu6i0z0JiOCRJjo+IkFNkRNbA3A==
  
  react-minimalist-portal@^2.3.1:
    version "2.3.1"
    resolved "https://registry.yarnpkg.com/react-minimalist-portal/-/react-minimalist-portal-2.3.1.tgz#4853e3f48a74a32c1b8767601887cdf7941eeba3"
    integrity sha512-WKFHsNLpFoL/A20AJ17ugoWLPOUqBVQdF+CceOBS7gqT48CzkDMlVop2sYjn/yBYKz9R7c3u/WuqfZ/PiV8Zfw==
    dependencies:
      prop-types "^15.6.1"
  
  react-number-format@^4.0.6:
    version "4.9.3"
    resolved "https://registry.yarnpkg.com/react-number-format/-/react-number-format-4.9.3.tgz#338500fe9c61b1ac73c8d6dff4ec97dd13fd2b50"
    integrity sha512-am1A1xYAbENuKJ+zpM7V+B1oRTSeOHYltqVKExznIVFweBzhLmOBmyb1DfIKjHo90E0bo1p3nzVJ2NgS5xh+sQ==
    dependencies:
      prop-types "^15.7.2"
  
  react-onclickoutside@^6.9.0:
    version "6.12.2"
    resolved "https://registry.yarnpkg.com/react-onclickoutside/-/react-onclickoutside-6.12.2.tgz#8e6cf80c7d17a79f2c908399918158a7b02dda01"
    integrity sha512-NMXGa223OnsrGVp5dJHkuKxQ4czdLmXSp5jSV9OqiCky9LOpPATn3vLldc+q5fK3gKbEHvr7J1u0yhBh/xYkpA==
  
  react-outside-click-handler@^1.2.2:
    version "1.3.0"
    resolved "https://registry.yarnpkg.com/react-outside-click-handler/-/react-outside-click-handler-1.3.0.tgz#3831d541ac059deecd38ec5423f81e80ad60e115"
    integrity sha512-Te/7zFU0oHpAnctl//pP3hEAeobfeHMyygHB8MnjP6sX5OR8KHT1G3jmLsV3U9RnIYo+Yn+peJYWu+D5tUS8qQ==
    dependencies:
      airbnb-prop-types "^2.15.0"
      consolidated-events "^1.1.1 || ^2.0.0"
      document.contains "^1.0.1"
      object.values "^1.1.0"
      prop-types "^15.7.2"
  
  react-overlays@^1.1.2:
    version "1.2.0"
    resolved "https://registry.yarnpkg.com/react-overlays/-/react-overlays-1.2.0.tgz#205368eeb0a5fb0b7f9b717fa7a12d518500abdb"
    integrity sha512-i/FCV8wR6aRaI+Kz/dpJhOdyx+ah2tN1RhT9InPrexyC4uzf3N4bNayFTGtUeQVacj57j1Mqh1CwV60/5153Iw==
    dependencies:
      classnames "^2.2.6"
      dom-helpers "^3.4.0"
      prop-types "^15.6.2"
      prop-types-extra "^1.1.0"
      react-context-toolbox "^2.0.2"
      react-popper "^1.3.2"
      uncontrollable "^6.0.0"
      warning "^4.0.2"
  
  react-popper@^1.3.2, react-popper@^1.3.4:
    version "1.3.11"
    resolved "https://registry.yarnpkg.com/react-popper/-/react-popper-1.3.11.tgz#a2cc3f0a67b75b66cfa62d2c409f9dd1fcc71ffd"
    integrity sha512-VSA/bS+pSndSF2fiasHK/PTEEAyOpX60+H5EPAjoArr8JGm+oihu4UbrqcEBpQibJxBVCpYyjAX7abJ+7DoYVg==
    dependencies:
      "@babel/runtime" "^7.1.2"
      "@hypnosphi/create-react-context" "^0.3.1"
      deep-equal "^1.1.1"
      popper.js "^1.14.4"
      prop-types "^15.6.1"
      typed-styles "^0.0.7"
      warning "^4.0.2"
  
  react-responsive-modal@^3.1.0:
    version "3.6.0"
    resolved "https://registry.yarnpkg.com/react-responsive-modal/-/react-responsive-modal-3.6.0.tgz#fb983977f165742a6382ab28ba7442194ef37b39"
    integrity sha512-Wktr0yNWVbNCRsaIPTBlXq0guJeIeQM4krh86NyMpBuCp93cYIjWte1J6hi0KqGJhyuCM60S5yCeDKF8aOt5bQ==
    dependencies:
      classnames "^2.2.6"
      focus-trap-react "^4.0.1"
      no-scroll "^2.1.1"
      prop-types "^15.6.2"
      react-lifecycles-compat "^3.0.4"
      react-minimalist-portal "^2.3.1"
      react-transition-group "^2.4.0"
  
  react-select@^2.1.2:
    version "2.4.4"
    resolved "https://registry.yarnpkg.com/react-select/-/react-select-2.4.4.tgz#ba72468ef1060c7d46fbb862b0748f96491f1f73"
    integrity sha512-C4QPLgy9h42J/KkdrpVxNmkY6p4lb49fsrbDk/hRcZpX7JvZPNb6mGj+c5SzyEtBv1DmQ9oPH4NmhAFvCrg8Jw==
    dependencies:
      classnames "^2.2.5"
      emotion "^9.1.2"
      memoize-one "^5.0.0"
      prop-types "^15.6.0"
      raf "^3.4.0"
      react-input-autosize "^2.2.1"
      react-transition-group "^2.2.1"
  
  react-side-effect@^2.1.0:
    version "2.1.2"
    resolved "https://registry.yarnpkg.com/react-side-effect/-/react-side-effect-2.1.2.tgz#dc6345b9e8f9906dc2eeb68700b615e0b4fe752a"
    integrity sha512-PVjOcvVOyIILrYoyGEpDN3vmYNLdy1CajSFNt4TDsVQC5KpTijDvWVoR+/7Rz2xT978D8/ZtFceXxzsPwZEDvw==
  
  react-spinners@^0.13.8:
    version "0.13.8"
    resolved "https://registry.yarnpkg.com/react-spinners/-/react-spinners-0.13.8.tgz#5262571be0f745d86bbd49a1e6b49f9f9cb19acc"
    integrity sha512-3e+k56lUkPj0vb5NDXPVFAOkPC//XyhKPJjvcGjyMNPWsBKpplfeyialP74G7H7+It7KzhtET+MvGqbKgAqpZA==
  
  react-sticky@^6.0.3:
    version "6.0.3"
    resolved "https://registry.yarnpkg.com/react-sticky/-/react-sticky-6.0.3.tgz#7a18b643e1863da113d7f7036118d2a75d9ecde4"
    integrity sha512-LNH4UJlRatOqo29/VHxDZOf6fwbgfgcHO4mkEFvrie5FuaZCSTGtug5R8NGqJ0kSnX8gHw8qZN37FcvnFBJpTQ==
    dependencies:
      prop-types "^15.5.8"
      raf "^3.3.0"
  
  react-tabs@^6.0.0:
    version "6.0.0"
    resolved "https://registry.yarnpkg.com/react-tabs/-/react-tabs-6.0.0.tgz#328fd61ca534e0517d24f4927e37e99b29461880"
    integrity sha512-8jKLKrlwxmn5/+xsa76yi27ZdB8E/WhlhQZw739O5UlOeUGtVoVeWnpqIewv/KbjTw7gQf/uA51zWUNt4IVygQ==
    dependencies:
      clsx "^1.1.0"
      prop-types "^15.5.0"
  
  react-transition-group@^2.2.1, react-transition-group@^2.4.0:
    version "2.9.0"
    resolved "https://registry.yarnpkg.com/react-transition-group/-/react-transition-group-2.9.0.tgz#df9cdb025796211151a436c69a8f3b97b5b07c8d"
    integrity sha512-+HzNTCHpeQyl4MJ/bdE0u6XRMe9+XG/+aL4mCxVN4DnPBQ0/5bfHWPDuOZUzYdMj94daZaZdCCc1Dzt9R/xSSg==
    dependencies:
      dom-helpers "^3.4.0"
      loose-envify "^1.4.0"
      prop-types "^15.6.2"
      react-lifecycles-compat "^3.0.4"
  
  react-virtualized@^9.19.1:
    version "9.22.3"
    resolved "https://registry.yarnpkg.com/react-virtualized/-/react-virtualized-9.22.3.tgz#f430f16beb0a42db420dbd4d340403c0de334421"
    integrity sha512-MKovKMxWTcwPSxE1kK1HcheQTWfuCxAuBoSTf2gwyMM21NdX/PXUhnoP8Uc5dRKd+nKm8v41R36OellhdCpkrw==
    dependencies:
      "@babel/runtime" "^7.7.2"
      clsx "^1.0.4"
      dom-helpers "^5.1.3"
      loose-envify "^1.4.0"
      prop-types "^15.7.2"
      react-lifecycles-compat "^3.0.4"
  
  react@^16.3.2:
    version "16.14.0"
    resolved "https://registry.yarnpkg.com/react/-/react-16.14.0.tgz#94d776ddd0aaa37da3eda8fc5b6b18a4c9a3114d"
    integrity sha512-0X2CImDkJGApiAlcf0ODKIneSwBPhqJawOa5wCtKbu7ZECrmS26NvtSILynQ66cgkT/RJ4LidJOc3bUESwmU8g==
    dependencies:
      loose-envify "^1.1.0"
      object-assign "^4.1.1"
      prop-types "^15.6.2"
  
  reactcss@^1.2.0:
    version "1.2.3"
    resolved "https://registry.yarnpkg.com/reactcss/-/reactcss-1.2.3.tgz#c00013875e557b1cf0dfd9a368a1c3dab3b548dd"
    integrity sha512-KiwVUcFu1RErkI97ywr8nvx8dNOpT03rbnma0SSalTYjkrPYaEajR4a/MRt6DZ46K6arDRbWMNHF+xH7G7n/8A==
    dependencies:
      lodash "^4.0.1"
  
  recompose@^0.20.2:
    version "0.20.2"
    resolved "https://registry.yarnpkg.com/recompose/-/recompose-0.20.2.tgz#113d6ac7e29ca664cfffec16b681ddddf15250bc"
    integrity sha512-VFl8sbwTKweRaN0SEirsCMh8gVrz0+wcKw9gTDLeo3ifWYVrFwcorzie5l67SgxK40osqwCx1f7kbQsKeCgaFQ==
    dependencies:
      change-emitter "^0.1.2"
      fbjs "^0.8.1"
      hoist-non-react-statics "^1.0.0"
      symbol-observable "^0.2.4"
  
  reflect.ownkeys@^0.2.0:
    version "0.2.0"
    resolved "https://registry.yarnpkg.com/reflect.ownkeys/-/reflect.ownkeys-0.2.0.tgz#749aceec7f3fdf8b63f927a04809e90c5c0b3460"
    integrity sha512-qOLsBKHCpSOFKK1NUOCGC5VyeufB6lEsFe92AL2bhIJsacZS1qdoOZSbPk3MYKuT2cFlRDnulKXuuElIrMjGUg==
  
  regenerator-runtime@^0.13.4:
    version "0.13.9"
    resolved "https://registry.yarnpkg.com/regenerator-runtime/-/regenerator-runtime-0.13.9.tgz#8925742a98ffd90814988d7566ad30ca3b263b52"
    integrity sha512-p3VT+cOEgxFsRRA9X4lkI1E+k2/CtnKtU4gcxyaCUreilL/vqI6CdZ3wxVUx3UOUg+gnUOQQcRI7BmSI656MYA==
  
  regexp.prototype.flags@^1.2.0, regexp.prototype.flags@^1.4.3:
    version "1.4.3"
    resolved "https://registry.yarnpkg.com/regexp.prototype.flags/-/regexp.prototype.flags-1.4.3.tgz#87cab30f80f66660181a3bb7bf5981a872b367ac"
    integrity sha512-fjggEOO3slI6Wvgjwflkc4NFRCTZAu5CnNfBd5qOMYhWdn67nJBBu34/TkD++eeFmd8C9r9jfXJ27+nSiRkSUA==
    dependencies:
      call-bind "^1.0.2"
      define-properties "^1.1.3"
      functions-have-names "^1.2.2"
  
  resolve-from@^4.0.0:
    version "4.0.0"
    resolved "https://registry.yarnpkg.com/resolve-from/-/resolve-from-4.0.0.tgz#4abcd852ad32dd7baabfe9b40e00a36db5f392e6"
    integrity sha512-pb/MYmXstAkysRFx8piNI1tGFNQIFA3vkE3Gq4EuA1dF6gHp/+vgZqsCGJapvy8N3Q+4o7FwvquPJcnZ7RYy4g==
  
  resolve@^1.12.0:
    version "1.22.0"
    resolved "https://registry.yarnpkg.com/resolve/-/resolve-1.22.0.tgz#5e0b8c67c15df57a89bdbabe603a002f21731198"
    integrity sha512-Hhtrw0nLeSrFQ7phPp4OOcVjLPIeMnRlr5mcnVuMe7M/7eBn98A3hmFRLoFo3DLZkivSYwhRUJTyPyWAk56WLw==
    dependencies:
      is-core-module "^2.8.1"
      path-parse "^1.0.7"
      supports-preserve-symlinks-flag "^1.0.0"
  
  safe-buffer@~5.1.1:
    version "5.1.2"
    resolved "https://registry.yarnpkg.com/safe-buffer/-/safe-buffer-5.1.2.tgz#991ec69d296e0313747d59bdfd2b745c35f8828d"
    integrity sha512-Gd2UZBJDkXlY7GbJxfsE8/nvKkUEU1G38c1siN6QP6a9PT9MmHB8GnpscSmMJSoF8LOIrt8ud/wPtojys4G6+g==
  
  "safer-buffer@>= 2.1.2 < 3.0.0":
    version "2.1.2"
    resolved "https://registry.yarnpkg.com/safer-buffer/-/safer-buffer-2.1.2.tgz#44fa161b0187b9549dd84bb91802f9bd8385cd6a"
    integrity sha512-YZo3K82SD7Riyi0E1EQPojLz7kpepnSQI9IyPbHHg1XXXevb5dJI7tpyN2ADxGcQbHG7vcyRHk0cbwqcQriUtg==
  
  scheduler@^0.19.1:
    version "0.19.1"
    resolved "https://registry.yarnpkg.com/scheduler/-/scheduler-0.19.1.tgz#4f3e2ed2c1a7d65681f4c854fa8c5a1ccb40f196"
    integrity sha512-n/zwRWRYSUj0/3g/otKDRPMh6qv2SYMWNq85IEa8iZyAv8od9zDYpGSnpBEjNgcMNq6Scbu5KfIPxNF72R/2EA==
    dependencies:
      loose-envify "^1.1.0"
      object-assign "^4.1.1"
  
  setimmediate@^1.0.5:
    version "1.0.5"
    resolved "https://registry.yarnpkg.com/setimmediate/-/setimmediate-1.0.5.tgz#290cbb232e306942d7d7ea9b83732ab7856f8285"
    integrity sha512-MATJdZp8sLqDl/68LfQmbP8zKPLQNV6BIZoIgrscFDQ+RsvK/BxeDQOgyxKKoh0y/8h3BqVFnCqQ/gd+reiIXA==
  
  side-channel@^1.0.4:
    version "1.0.4"
    resolved "https://registry.yarnpkg.com/side-channel/-/side-channel-1.0.4.tgz#efce5c8fdc104ee751b25c58d4290011fa5ea2cf"
    integrity sha512-q5XPytqFEIKHkGdiMIrY10mvLRvnQh42/+GoBlFW3b2LXLE2xxJpZFdm94we0BaoV3RwJyGqg5wS7epxTv0Zvw==
    dependencies:
      call-bind "^1.0.0"
      get-intrinsic "^1.0.2"
      object-inspect "^1.9.0"
  
  slugify@^1.3.4:
    version "1.6.5"
    resolved "https://registry.yarnpkg.com/slugify/-/slugify-1.6.5.tgz#c8f5c072bf2135b80703589b39a3d41451fbe8c8"
    integrity sha512-8mo9bslnBO3tr5PEVFzMPIWwWnipGS0xVbYf65zxDqfNwmzYn1LpiKNrR6DlClusuvo+hDHd1zKpmfAe83NQSQ==
  
  source-map@^0.5.7:
    version "0.5.7"
    resolved "https://registry.yarnpkg.com/source-map/-/source-map-0.5.7.tgz#8a039d2d1021d22d1ea14c80d8ea468ba2ef3fcc"
    integrity sha512-LbrmJOMUSdEVxIKvdcJzQC+nQhe8FUZQTXQy6+I75skNgn3OoQ0DZA8YnFa7gp8tqtL3KPf1kmo0R5DoApeSGQ==
  
  source-map@^0.6.1:
    version "0.6.1"
    resolved "https://registry.yarnpkg.com/source-map/-/source-map-0.6.1.tgz#74722af32e9614e9c287a8d0bbde48b5e2f1a263"
    integrity sha512-UjgapumWlbMhkBgzT7Ykc5YXUT46F0iKu8SGXq0bcwP5dz/h0Plj6enJqjz1Zbq2l5WaqYnrVbwWOWMyF3F47g==
  
  source-map@^0.7.2:
    version "0.7.4"
    resolved "https://registry.yarnpkg.com/source-map/-/source-map-0.7.4.tgz#a9bbe705c9d8846f4e08ff6765acf0f1b0898656"
    integrity sha512-l3BikUxvPOcn5E74dZiq5BGsTb5yEwhaTSzccU6t4sDOH8NWJCstKO5QT2CvtFoK6F0saL7p9xHAqHOlCPJygA==
  
  ssr-window@^4.0.2:
    version "4.0.2"
    resolved "https://registry.yarnpkg.com/ssr-window/-/ssr-window-4.0.2.tgz#dc6b3ee37be86ac0e3ddc60030f7b3bc9b8553be"
    integrity sha512-ISv/Ch+ig7SOtw7G2+qkwfVASzazUnvlDTwypdLoPoySv+6MqlOV10VwPSE6EWkGjhW50lUmghPmpYZXMu/+AQ==
  
  string.prototype.trimend@^1.0.5:
    version "1.0.5"
    resolved "https://registry.yarnpkg.com/string.prototype.trimend/-/string.prototype.trimend-1.0.5.tgz#914a65baaab25fbdd4ee291ca7dde57e869cb8d0"
    integrity sha512-I7RGvmjV4pJ7O3kdf+LXFpVfdNOxtCW/2C8f6jNiW4+PQchwxkCDzlk1/7p+Wl4bqFIZeF47qAHXLuHHWKAxog==
    dependencies:
      call-bind "^1.0.2"
      define-properties "^1.1.4"
      es-abstract "^1.19.5"
  
  string.prototype.trimstart@^1.0.5:
    version "1.0.5"
    resolved "https://registry.yarnpkg.com/string.prototype.trimstart/-/string.prototype.trimstart-1.0.5.tgz#5466d93ba58cfa2134839f81d7f42437e8c01fef"
    integrity sha512-THx16TJCGlsN0o6dl2o6ncWUsdgnLRSA23rRE5pyGBw/mLr3Ej/R2LaqCtgP8VNMGZsvMWnf9ooZPyY2bHvUFg==
    dependencies:
      call-bind "^1.0.2"
      define-properties "^1.1.4"
      es-abstract "^1.19.5"
  
  stylis-rule-sheet@^0.0.10:
    version "0.0.10"
    resolved "https://registry.yarnpkg.com/stylis-rule-sheet/-/stylis-rule-sheet-0.0.10.tgz#44e64a2b076643f4b52e5ff71efc04d8c3c4a430"
    integrity sha512-nTbZoaqoBnmK+ptANthb10ZRZOGC+EmTLLUxeYIuHNkEKcmKgXX1XWKkUBT2Ac4es3NybooPe0SmvKdhKJZAuw==
  
  stylis@^3.5.0:
    version "3.5.4"
    resolved "https://registry.yarnpkg.com/stylis/-/stylis-3.5.4.tgz#f665f25f5e299cf3d64654ab949a57c768b73fbe"
    integrity sha512-8/3pSmthWM7lsPBKv7NXkzn2Uc9W7NotcwGNpJaa3k7WMM1XDCA4MgT5k/8BIexd5ydZdboXtU90XH9Ec4Bv/Q==
  
  supports-color@^5.3.0:
    version "5.5.0"
    resolved "https://registry.yarnpkg.com/supports-color/-/supports-color-5.5.0.tgz#e2e69a44ac8772f78a1ec0b35b689df6530efc8f"
    integrity sha512-QjVjwdXIt408MIiAqCX4oUKsgU2EqAGzs2Ppkm4aQYbjm+ZEWEcW4SfFNTr4uMNZma0ey4f5lgLrkB0aX0QMow==
    dependencies:
      has-flag "^3.0.0"
  
  supports-preserve-symlinks-flag@^1.0.0:
    version "1.0.0"
    resolved "https://registry.yarnpkg.com/supports-preserve-symlinks-flag/-/supports-preserve-symlinks-flag-1.0.0.tgz#6eda4bd344a3c94aea376d4cc31bc77311039e09"
    integrity sha512-ot0WnXS9fgdkgIcePe6RHNk1WA8+muPa6cSjeR3V8K27q9BB1rTE3R1p7Hv0z1ZyAc8s6Vvv8DIyWf681MAt0w==
  
  swiper@^9.2.4:
    version "9.2.4"
    resolved "https://registry.yarnpkg.com/swiper/-/swiper-9.2.4.tgz#2fa3cf58cef586366f674a10fa56fe6eec2026fe"
    integrity sha512-L7y3K/iiMXNYQ94FbfcJn7jex4QPnS4+voXGupTdC+UHW4XrR40QDdm4c9hXJ+Br0Il7PP0vP1W3goM9/Ly6Sg==
    dependencies:
      ssr-window "^4.0.2"
  
  symbol-observable@^0.2.4:
    version "0.2.4"
    resolved "https://registry.yarnpkg.com/symbol-observable/-/symbol-observable-0.2.4.tgz#95a83db26186d6af7e7a18dbd9760a2f86d08f40"
    integrity sha512-6WFhZ1sqIAG3g55T6RJcOYldJmFrdsnM7adeuFUp1aJwo9EWwMFC0zYHNGGyDvJU/aqPzkQyIsMdNek1u9oRzQ==
  
  tabbable@^3.1.0:
    version "3.1.2"
    resolved "https://registry.yarnpkg.com/tabbable/-/tabbable-3.1.2.tgz#f2d16cccd01f400e38635c7181adfe0ad965a4a2"
    integrity sha512-wjB6puVXTYO0BSFtCmWQubA/KIn7Xvajw0x0l6eJUudMG/EAiJvIUnyNX6xO4NpGrJ16lbD0eUseB9WxW0vlpQ==
  
  tinycolor2@^1.4.1:
    version "1.4.2"
    resolved "https://registry.yarnpkg.com/tinycolor2/-/tinycolor2-1.4.2.tgz#3f6a4d1071ad07676d7fa472e1fac40a719d8803"
    integrity sha512-vJhccZPs965sV/L2sU4oRQVAos0pQXwsvTLkWYdqJ+a8Q5kPFzJTuOFwy7UniPli44NKQGAglksjvOcpo95aZA==
  
  to-fast-properties@^2.0.0:
    version "2.0.0"
    resolved "https://registry.yarnpkg.com/to-fast-properties/-/to-fast-properties-2.0.0.tgz#dc5e698cbd079265bc73e0377681a4e4e83f616e"
    integrity sha512-/OaKK0xYrs3DmxRYqL/yDc+FxFUVYhDlXMhRmv3z915w2HF1tnN1omB354j8VUGO/hbRzyD6Y3sA7v7GS/ceog==
  
  touch@^2.0.1:
    version "2.0.2"
    resolved "https://registry.yarnpkg.com/touch/-/touch-2.0.2.tgz#ca0b2a3ae3211246a61b16ba9e6cbf1596287164"
    integrity sha512-qjNtvsFXTRq7IuMLweVgFxmEuQ6gLbRs2jQxL80TtZ31dEKWYIxRXquij6w6VimyDek5hD3PytljHmEtAs2u0A==
    dependencies:
      nopt "~1.0.10"
  
  ts-invariant@^0.4.4:
    version "0.4.4"
    resolved "https://registry.yarnpkg.com/ts-invariant/-/ts-invariant-0.4.4.tgz#97a523518688f93aafad01b0e80eb803eb2abd86"
    integrity sha512-uEtWkFM/sdZvRNNDL3Ehu4WVpwaulhwQszV8mrtcdeE8nN00BV9mAmQ88RkrBhFgl9gMgvjJLAQcZbnPXI9mlA==
    dependencies:
      tslib "^1.9.3"
  
  tslib@^1.10.0, tslib@^1.9.3:
    version "1.14.1"
    resolved "https://registry.yarnpkg.com/tslib/-/tslib-1.14.1.tgz#cf2d38bdc34a134bcaf1091c41f6619e2f672d00"
    integrity sha512-Xni35NKzjgMrwevysHTCArtLDpPvye8zV/0E4EyYn43P7/7qvQwPh9BGkHewbMulVntbigmcT7rdX3BNo9wRJg==
  
  tslib@^2.0.1:
    version "2.4.0"
    resolved "https://registry.yarnpkg.com/tslib/-/tslib-2.4.0.tgz#7cecaa7f073ce680a05847aa77be941098f36dc3"
    integrity sha512-d6xOpEDfsi2CZVlPQzGeux8XMwLT9hssAsaPYExaQMuYskwb+x1x7J371tWlbBdWHroy99KnVB6qIkUbs5X3UQ==
  
  tslib@^2.8.0:
    version "2.8.1"
    resolved "https://registry.yarnpkg.com/tslib/-/tslib-2.8.1.tgz#612efe4ed235d567e8aba5f2a5fab70280ade83f"
    integrity sha512-oJFu94HQb+KVduSUQL7wnpmqnfmLsOA/nAh6b6EH0wCEoK0/mPeXU6c3wKDV83MkOuHPRHtSXKKU99IBazS/2w==
  
  typed-styles@^0.0.7:
    version "0.0.7"
    resolved "https://registry.yarnpkg.com/typed-styles/-/typed-styles-0.0.7.tgz#93392a008794c4595119ff62dde6809dbc40a3d9"
    integrity sha512-pzP0PWoZUhsECYjABgCGQlRGL1n7tOHsgwYv3oIiEpJwGhFTuty/YNeduxQYzXXa3Ge5BdT6sHYIQYpl4uJ+5Q==
  
  ua-parser-js@^0.7.30:
    version "0.7.31"
    resolved "https://registry.yarnpkg.com/ua-parser-js/-/ua-parser-js-0.7.31.tgz#649a656b191dffab4f21d5e053e27ca17cbff5c6"
    integrity sha512-qLK/Xe9E2uzmYI3qLeOmI0tEOt+TBBQyUIAh4aAgU05FVYzeZrKUdkAZfBNVGRaHVgV0TDkdEngJSw/SyQchkQ==
  
  unbox-primitive@^1.0.2:
    version "1.0.2"
    resolved "https://registry.yarnpkg.com/unbox-primitive/-/unbox-primitive-1.0.2.tgz#29032021057d5e6cdbd08c5129c226dff8ed6f9e"
    integrity sha512-61pPlCD9h51VoreyJ0BReideM3MDKMKnh6+V9L08331ipq6Q8OFXZYiqP6n/tbHx4s5I9uRhcye6BrbkizkBDw==
    dependencies:
      call-bind "^1.0.2"
      has-bigints "^1.0.2"
      has-symbols "^1.0.3"
      which-boxed-primitive "^1.0.2"
  
  uncontrollable@^6.0.0:
    version "6.2.3"
    resolved "https://registry.yarnpkg.com/uncontrollable/-/uncontrollable-6.2.3.tgz#e7dba0d746e075122ed178f27ad2354d343196c7"
    integrity sha512-VgOAoBU2ptCL2bfTG2Mra0I8i1u6Aq84AFonD5tmCAYSfs3hWvr2Rlw0q2ntoxXTHjcQOmZOh3FKaN+UZVyREQ==
    dependencies:
      "@babel/runtime" "^7.4.5"
      invariant "^2.2.4"
  
  universal-cookie@^4.0.0:
    version "4.0.4"
    resolved "https://registry.yarnpkg.com/universal-cookie/-/universal-cookie-4.0.4.tgz#06e8b3625bf9af049569ef97109b4bb226ad798d"
    integrity sha512-lbRVHoOMtItjWbM7TwDLdl8wug7izB0tq3/YVKhT/ahB4VDvWMyvnADfnJI8y6fSvsjh51Ix7lTGC6Tn4rMPhw==
    dependencies:
      "@types/cookie" "^0.3.3"
      cookie "^0.4.0"
  
  use-media@^1.4.0:
    version "1.4.0"
    resolved "https://registry.yarnpkg.com/use-media/-/use-media-1.4.0.tgz#e777bf1f382a7aacabbd1f9ce3da2b62e58b2a98"
    integrity sha512-XsgyUAf3nhzZmEfhc5MqLHwyaPjs78bgytpVJ/xDl0TF4Bptf3vEpBNBBT/EIKOmsOc8UbuECq3mrP3mt1QANA==
  
  uuid@^3.0.1, uuid@^3.3.2:
    version "3.4.0"
    resolved "https://registry.yarnpkg.com/uuid/-/uuid-3.4.0.tgz#b23e4358afa8a202fe7a100af1f5f883f02007ee"
    integrity sha512-HjSDRw6gZE5JMggctHBcjVak08+KEVhSIiDzFnT9S9aegmp85S/bReBVTb4QTFaRNptJ9kuYaNhnbNEOkbKb/A==
  
  uuid@^8.3.2:
    version "8.3.2"
    resolved "https://registry.yarnpkg.com/uuid/-/uuid-8.3.2.tgz#80d5b5ced271bb9af6c445f21a1a04c606cefbe2"
    integrity sha512-+NYs2QeMWy+GWFOEm9xnn6HCDp0l7QBD7ml8zLUmJ+93Q5NF0NocErnwkTkXVFNiX3/fpC6afS8Dhb/gz7R7eg==
  
  vtex-tachyons@^3.2.0:
    version "3.2.2"
    resolved "https://registry.yarnpkg.com/vtex-tachyons/-/vtex-tachyons-3.2.2.tgz#e9e39d939778ef7d80a92c476cecf7417f79a6e8"
    integrity sha512-4M53uuvV+2XEjplVYiPgpBuaI5dtGksVgz/20NNjbZkXklJM7Lwgod/hOoh3PtIn36+95zZVVgXYfs3e6EU8YA==
  
  "vtex.add-to-cart-button@http://vtex.vtexassets.com/_v/public/typings/v1/vtex.add-to-cart-button@0.30.1/public/@types/vtex.add-to-cart-button":
    version "0.30.1"
    resolved "http://vtex.vtexassets.com/_v/public/typings/v1/vtex.add-to-cart-button@0.30.1/public/@types/vtex.add-to-cart-button#3f99a4dc19fdbce495de633cb6651ce14bc33eaa"
  
  "vtex.breadcrumb@http://vtex.vtexassets.com/_v/public/typings/v1/vtex.breadcrumb@1.9.4/public/@types/vtex.breadcrumb":
    version "1.9.4"
    resolved "http://vtex.vtexassets.com/_v/public/typings/v1/vtex.breadcrumb@1.9.4/public/@types/vtex.breadcrumb#624d6ddbd839bccd2b08e10f0f5f4a0509de834b"
  
  "vtex.carousel@http://vtex.vtexassets.com/_v/public/typings/v1/vtex.carousel@2.12.1/public/@types/vtex.carousel":
    version "2.12.1"
    resolved "http://vtex.vtexassets.com/_v/public/typings/v1/vtex.carousel@2.12.1/public/@types/vtex.carousel#f99139a9d22227fa239192a058defd13f8cc50be"
  
  "vtex.category-menu@http://vtex.vtexassets.com/_v/public/typings/v1/vtex.category-menu@2.18.0/public/@types/vtex.category-menu":
    version "2.18.0"
    resolved "http://vtex.vtexassets.com/_v/public/typings/v1/vtex.category-menu@2.18.0/public/@types/vtex.category-menu#e485af741eb9e96fbfc6a0e31ccc5240b910d8d7"
  
  "vtex.checkout-resources@http://vtex.vtexassets.com/_v/public/typings/v1/vtex.checkout-resources@0.49.0/public/@types/vtex.checkout-resources":
    version "0.49.0"
    resolved "http://vtex.vtexassets.com/_v/public/typings/v1/vtex.checkout-resources@0.49.0/public/@types/vtex.checkout-resources#a7d7620fce143e5dc7a9075ce2fc74727ab132c4"
  
  "vtex.condition-layout@http://vtex.vtexassets.com/_v/public/typings/v1/vtex.condition-layout@2.8.0/public/@types/vtex.condition-layout":
    version "2.8.0"
    resolved "http://vtex.vtexassets.com/_v/public/typings/v1/vtex.condition-layout@2.8.0/public/@types/vtex.condition-layout#322e9982ac582721e43eb439520f3d11788315f3"
  
  "vtex.css-handles@http://vtex.vtexassets.com/_v/public/typings/v1/vtex.css-handles@1.0.0/public/@types/vtex.css-handles":
    version "1.0.0"
    resolved "http://vtex.vtexassets.com/_v/public/typings/v1/vtex.css-handles@1.0.0/public/@types/vtex.css-handles#336b23ef3a9bcb2b809529ba736783acd405d081"
  
  "vtex.device-detector@http://vtex.vtexassets.com/_v/public/typings/v1/vtex.device-detector@0.2.6/public/@types/vtex.device-detector":
    version "0.2.6"
    resolved "http://vtex.vtexassets.com/_v/public/typings/v1/vtex.device-detector@0.2.6/public/@types/vtex.device-detector#3219242fa5c2f14023d33c3549c2d8de93c76d1f"
  
  "vtex.disclosure-layout@http://vtex.vtexassets.com/_v/public/typings/v1/vtex.disclosure-layout@1.0.3/public/@types/vtex.disclosure-layout":
    version "1.0.3"
    resolved "http://vtex.vtexassets.com/_v/public/typings/v1/vtex.disclosure-layout@1.0.3/public/@types/vtex.disclosure-layout#15590cd6a3f23e5a7591d76ad1a44b5c0c6a088a"
  
  "vtex.flex-layout@http://vtex.vtexassets.com/_v/public/typings/v1/vtex.flex-layout@0.21.3/public/@types/vtex.flex-layout":
    version "0.21.3"
    resolved "http://vtex.vtexassets.com/_v/public/typings/v1/vtex.flex-layout@0.21.3/public/@types/vtex.flex-layout#407f0e310545ff006f08afb35f5d38ace4546435"
  
  "vtex.iframe@http://vtex.vtexassets.com/_v/public/typings/v1/vtex.iframe@0.5.0/public/@types/vtex.iframe":
    version "0.5.0"
    resolved "http://vtex.vtexassets.com/_v/public/typings/v1/vtex.iframe@0.5.0/public/@types/vtex.iframe#efedb4402b737191447de96e035b6e2858ad5440"
  
  "vtex.just-a-div@http://vtex.vtexassets.com/_v/public/typings/v1/vtex.just-a-div@0.1.0/public/@types/vtex.just-a-div":
    version "0.1.0"
    resolved "http://vtex.vtexassets.com/_v/public/typings/v1/vtex.just-a-div@0.1.0/public/@types/vtex.just-a-div#09499a81a1013cf6b4cc3a12afc05d21baa3c604"
  
  "vtex.list-context@http://vtex.vtexassets.com/_v/public/typings/v1/vtex.list-context@0.2.0/public/@types/vtex.list-context":
    version "0.2.0"
    resolved "http://vtex.vtexassets.com/_v/public/typings/v1/vtex.list-context@0.2.0/public/@types/vtex.list-context#935b748d394851ced7f3b06bbedf59f4ee3ca8a6"
  
  "vtex.locale-switcher@http://vtex.vtexassets.com/_v/public/typings/v1/vtex.locale-switcher@0.5.6/public/@types/vtex.locale-switcher":
    version "0.5.6"
    resolved "http://vtex.vtexassets.com/_v/public/typings/v1/vtex.locale-switcher@0.5.6/public/@types/vtex.locale-switcher#5db8558af5593d65e4fff3da0903d0081dfcab42"
  
  "vtex.login@http://vtex.vtexassets.com/_v/public/typings/v1/vtex.login@2.56.2/public/@types/vtex.login":
    version "2.56.2"
    resolved "http://vtex.vtexassets.com/_v/public/typings/v1/vtex.login@2.56.2/public/@types/vtex.login#bbd2c6d67eab8e592c9f8ba6fbf116ff7c9b5cdd"
  
  "vtex.mega-menu@http://vtex.vtexassets.com/_v/public/typings/v1/vtex.mega-menu@2.9.0/public/@types/vtex.mega-menu":
    version "2.9.0"
    resolved "http://vtex.vtexassets.com/_v/public/typings/v1/vtex.mega-menu@2.9.0/public/@types/vtex.mega-menu#c1da5d2e35f2987dc9de34e0835f4adb8c193dbb"
  
  "vtex.menu@http://vtex.vtexassets.com/_v/public/typings/v1/vtex.menu@2.35.1/public/@types/vtex.menu":
    version "2.35.1"
    resolved "http://vtex.vtexassets.com/_v/public/typings/v1/vtex.menu@2.35.1/public/@types/vtex.menu#4f3c5748c116a441904efca1fde31a95415a4808"
  
  "vtex.minicart@http://vtex.vtexassets.com/_v/public/typings/v1/vtex.minicart@2.67.1/public/@types/vtex.minicart":
    version "2.67.1"
    resolved "http://vtex.vtexassets.com/_v/public/typings/v1/vtex.minicart@2.67.1/public/@types/vtex.minicart#d0c160a87d987c8a2a48890bb76f28b17ba7c0db"
  
  "vtex.modal-layout@http://vtex.vtexassets.com/_v/public/typings/v1/vtex.modal-layout@0.14.0/public/@types/vtex.modal-layout":
    version "0.14.0"
    resolved "http://vtex.vtexassets.com/_v/public/typings/v1/vtex.modal-layout@0.14.0/public/@types/vtex.modal-layout#d5787b816241602f87aa7b57c30f300dd4367105"
  
  "vtex.my-account@http://vtex.vtexassets.com/_v/public/typings/v1/vtex.my-account@1.25.0/public/@types/vtex.my-account":
    version "1.25.0"
    resolved "http://vtex.vtexassets.com/_v/public/typings/v1/vtex.my-account@1.25.0/public/@types/vtex.my-account#3bc46389c0aa28f4e3e2e008fe3690f5901b1f2a"
  
  "vtex.order-items@http://vtex.vtexassets.com/_v/public/typings/v1/vtex.order-items@0.13.21/public/@types/vtex.order-items":
    version "0.13.21"
    resolved "http://vtex.vtexassets.com/_v/public/typings/v1/vtex.order-items@0.13.21/public/@types/vtex.order-items#b88b2d267bc1b2877cae92e657b3934d4f01a960"
  
  "vtex.order-manager@http://vtex.vtexassets.com/_v/public/typings/v1/vtex.order-manager@0.12.0/public/@types/vtex.order-manager":
    version "0.12.0"
    resolved "http://vtex.vtexassets.com/_v/public/typings/v1/vtex.order-manager@0.12.0/public/@types/vtex.order-manager#2cf6a9d2a31bc503b783c257695b0d17c09b5696"
  
  "vtex.order-placed@http://vtex.vtexassets.com/_v/public/typings/v1/vtex.order-placed@2.17.0/public/@types/vtex.order-placed":
    version "2.17.0"
    resolved "http://vtex.vtexassets.com/_v/public/typings/v1/vtex.order-placed@2.17.0/public/@types/vtex.order-placed#163d12df1a16af68f5e360c29973ab9c7b274000"
  
  "vtex.pixel-manager@http://vtex.vtexassets.com/_v/public/typings/v1/vtex.pixel-manager@1.9.0/public/@types/vtex.pixel-manager":
    version "1.9.0"
    resolved "http://vtex.vtexassets.com/_v/public/typings/v1/vtex.pixel-manager@1.9.0/public/@types/vtex.pixel-manager#eb61e263c4f8024430ef1a19d28bcf608db3d481"
  
  "vtex.product-context@http://vtex.vtexassets.com/_v/public/typings/v1/vtex.product-context@0.10.0/public/@types/vtex.product-context":
    version "0.10.0"
    resolved "http://vtex.vtexassets.com/_v/public/typings/v1/vtex.product-context@0.10.0/public/@types/vtex.product-context#c5e2a97b404004681ee12f4fff7e6b62157786cc"
  
  "vtex.product-details@http://vtex.vtexassets.com/_v/public/typings/v1/vtex.product-details@1.22.0/public/@types/vtex.product-details":
    version "1.22.0"
    resolved "http://vtex.vtexassets.com/_v/public/typings/v1/vtex.product-details@1.22.0/public/@types/vtex.product-details#c2829a3a2c8b8f48ee273280a86859449b9835f8"
  
  "vtex.product-highlights@http://vtex.vtexassets.com/_v/public/typings/v1/vtex.product-highlights@2.3.0/public/@types/vtex.product-highlights":
    version "2.3.0"
    resolved "http://vtex.vtexassets.com/_v/public/typings/v1/vtex.product-highlights@2.3.0/public/@types/vtex.product-highlights#ee2e664a9d45e42e147612e92f0decccaac23dc8"
  
  "vtex.product-identifier@http://vtex.vtexassets.com/_v/public/typings/v1/vtex.product-identifier@0.5.0/public/@types/vtex.product-identifier":
    version "0.5.0"
    resolved "http://vtex.vtexassets.com/_v/public/typings/v1/vtex.product-identifier@0.5.0/public/@types/vtex.product-identifier#f5d442b6a7ca648c61e8655a356e8588e49c43b2"
  
  "vtex.product-kit@http://vtex.vtexassets.com/_v/public/typings/v1/vtex.product-kit@1.10.2/public/_types/react":
    version "0.0.0"
    resolved "http://vtex.vtexassets.com/_v/public/typings/v1/vtex.product-kit@1.10.2/public/_types/react#fa7a0347e046eab3dd768998fc9252b2c0dd5aef"
  
  "vtex.product-price@http://vtex.vtexassets.com/_v/public/typings/v1/vtex.product-price@1.31.0/public/@types/vtex.product-price":
    version "1.31.0"
    resolved "http://vtex.vtexassets.com/_v/public/typings/v1/vtex.product-price@1.31.0/public/@types/vtex.product-price#d3b0672704ea7ed104d86edbef282708381d5347"
  
  "vtex.product-quantity@http://vtex.vtexassets.com/_v/public/typings/v1/vtex.product-quantity@1.9.0/public/@types/vtex.product-quantity":
    version "1.9.0"
    resolved "http://vtex.vtexassets.com/_v/public/typings/v1/vtex.product-quantity@1.9.0/public/@types/vtex.product-quantity#686536c85e0bf7af98f803dc4385f959c181bb07"
  
  "vtex.product-review-interfaces@http://vtex.vtexassets.com/_v/public/typings/v1/vtex.product-review-interfaces@1.0.2/public/_types/react":
    version "1.0.2"
    resolved "http://vtex.vtexassets.com/_v/public/typings/v1/vtex.product-review-interfaces@1.0.2/public/_types/react#84d1997cdae079d1401611f3d4a4619ed914673f"
  
  "vtex.product-specification-badges@http://vtex.vtexassets.com/_v/public/typings/v1/vtex.product-specification-badges@0.3.0/public/@types/vtex.product-specification-badges":
    version "0.3.0"
    resolved "http://vtex.vtexassets.com/_v/public/typings/v1/vtex.product-specification-badges@0.3.0/public/@types/vtex.product-specification-badges#2df6b189acfabf642504df02d7b8ad406ee90c07"
  
  "vtex.product-specifications@http://vtex.vtexassets.com/_v/public/typings/v1/vtex.product-specifications@1.1.1/public/@types/vtex.product-specifications":
    version "1.1.1"
    resolved "http://vtex.vtexassets.com/_v/public/typings/v1/vtex.product-specifications@1.1.1/public/@types/vtex.product-specifications#f680211515fcab9f5498804df9402369ef2dabb8"
  
  "vtex.product-summary@http://vtex.vtexassets.com/_v/public/typings/v1/vtex.product-summary@2.83.1/public/@types/vtex.product-summary":
    version "2.83.1"
    resolved "http://vtex.vtexassets.com/_v/public/typings/v1/vtex.product-summary@2.83.1/public/@types/vtex.product-summary#5c8cdaaca7648462cad2fddc6742696fca57dcc8"
  
  "vtex.render-runtime@http://vtex.vtexassets.com/_v/public/typings/v1/vtex.render-runtime@8.132.4/public/@types/vtex.render-runtime":
    version "8.132.4"
    resolved "http://vtex.vtexassets.com/_v/public/typings/v1/vtex.render-runtime@8.132.4/public/@types/vtex.render-runtime#66bb41bd4d342e37c9d85172aad5f7eefebfb6dc"
  
  "vtex.responsive-layout@http://vtex.vtexassets.com/_v/public/typings/v1/vtex.responsive-layout@0.1.2/public/@types/vtex.responsive-layout":
    version "0.1.2"
    resolved "http://vtex.vtexassets.com/_v/public/typings/v1/vtex.responsive-layout@0.1.2/public/@types/vtex.responsive-layout#e33f23a78afb3ffb8ff8aedc77b1ca6728583e72"
  
  "vtex.reviews-and-ratings@http://vtex.vtexassets.com/_v/public/typings/v1/vtex.reviews-and-ratings@3.13.0/public/@types/vtex.reviews-and-ratings":
    version "3.13.0"
    resolved "http://vtex.vtexassets.com/_v/public/typings/v1/vtex.reviews-and-ratings@3.13.0/public/@types/vtex.reviews-and-ratings#2de4d3f3fa41e36df03086e82e974a7e7a97b113"
  
  "vtex.rich-text@http://vtex.vtexassets.com/_v/public/typings/v1/vtex.rich-text@0.16.0/public/@types/vtex.rich-text":
    version "0.16.0"
    resolved "http://vtex.vtexassets.com/_v/public/typings/v1/vtex.rich-text@0.16.0/public/@types/vtex.rich-text#0cdcaccffb37ae0d025894ba7055f69bc3c9aa30"
  
  "vtex.sandbox@http://vtex.vtexassets.com/_v/public/typings/v1/vtex.sandbox@0.5.1/public/@types/vtex.sandbox":
    version "0.5.1"
    resolved "http://vtex.vtexassets.com/_v/public/typings/v1/vtex.sandbox@0.5.1/public/@types/vtex.sandbox#be4a4153a0864282fdfbe0d63501daa3978fe6dc"
  
  "vtex.search-graphql@http://vtex.vtexassets.com/_v/public/typings/v1/vtex.search-graphql@0.52.0/public/@types/vtex.search-graphql":
    version "0.52.0"
    resolved "http://vtex.vtexassets.com/_v/public/typings/v1/vtex.search-graphql@0.52.0/public/@types/vtex.search-graphql#40069ed320b6eb9de9a419ea641f30b908d0dcd3"
  
  "vtex.search-result@http://vtex.vtexassets.com/_v/public/typings/v1/vtex.search-result@3.122.0/public/@types/vtex.search-result":
    version "3.122.0"
    resolved "http://vtex.vtexassets.com/_v/public/typings/v1/vtex.search-result@3.122.0/public/@types/vtex.search-result#c64c1f95bc9b544672a43658194301f7310f81e5"
  
  "vtex.search@http://vtex.vtexassets.com/_v/public/typings/v1/vtex.search@2.16.0/public/@types/vtex.search":
    version "2.16.0"
    resolved "http://vtex.vtexassets.com/_v/public/typings/v1/vtex.search@2.16.0/public/@types/vtex.search#6502997d15b59bddd99ded0096b929b91b10b821"
  
  "vtex.shelf-components@http://vtex.vtexassets.com/_v/public/typings/v1/vtex.shelf-components@0.10.0/public/@types/vtex.shelf-components":
    version "0.10.0"
    resolved "http://vtex.vtexassets.com/_v/public/typings/v1/vtex.shelf-components@0.10.0/public/@types/vtex.shelf-components#624a21712a167d6e6e95b4cf6188d3bf2dab29cd"
  
  "vtex.shelf@http://vtex.vtexassets.com/_v/public/typings/v1/vtex.shelf@1.47.3/public/@types/vtex.shelf":
    version "1.47.3"
    resolved "http://vtex.vtexassets.com/_v/public/typings/v1/vtex.shelf@1.47.3/public/@types/vtex.shelf#afccd7cc6bf2c23d007306062b7413f46b25cbc8"
  
  "vtex.slider-layout@http://vtex.vtexassets.com/_v/public/typings/v1/vtex.slider-layout@0.24.3/public/@types/vtex.slider-layout":
    version "0.24.3"
    resolved "http://vtex.vtexassets.com/_v/public/typings/v1/vtex.slider-layout@0.24.3/public/@types/vtex.slider-layout#348a0695ada3d49e4bd56e58a2bc919b0baa05cb"
  
  "vtex.slider@http://vtex.vtexassets.com/_v/public/typings/v1/vtex.slider@0.8.3/public/@types/vtex.slider":
    version "0.8.3"
    resolved "http://vtex.vtexassets.com/_v/public/typings/v1/vtex.slider@0.8.3/public/@types/vtex.slider#9b7be08012a5d3ec41fdc651235a964cb5f7db85"
  
  "vtex.stack-layout@http://vtex.vtexassets.com/_v/public/typings/v1/vtex.stack-layout@0.1.0/public/@types/vtex.stack-layout":
    version "0.1.0"
    resolved "http://vtex.vtexassets.com/_v/public/typings/v1/vtex.stack-layout@0.1.0/public/@types/vtex.stack-layout#79bcd9f70b4b6926b85686be14879a3b90d52c63"
  
  "vtex.sticky-layout@http://vtex.vtexassets.com/_v/public/typings/v1/vtex.sticky-layout@0.3.4/public/@types/vtex.sticky-layout":
    version "0.3.4"
    resolved "http://vtex.vtexassets.com/_v/public/typings/v1/vtex.sticky-layout@0.3.4/public/@types/vtex.sticky-layout#5b786d6f9ab0a40e4997c955a75885eee32515ef"
  
  "vtex.store-components@http://vtex.vtexassets.com/_v/public/typings/v1/vtex.store-components@3.169.0/public/@types/vtex.store-components":
    version "3.169.0"
    resolved "http://vtex.vtexassets.com/_v/public/typings/v1/vtex.store-components@3.169.0/public/@types/vtex.store-components#04d29e761b52c48b1f72a7d81a42dce3c143ee8e"
  
  "vtex.store-drawer@http://vtex.vtexassets.com/_v/public/typings/v1/vtex.store-drawer@0.16.2/public/@types/vtex.store-drawer":
    version "0.16.2"
    resolved "http://vtex.vtexassets.com/_v/public/typings/v1/vtex.store-drawer@0.16.2/public/@types/vtex.store-drawer#3e3a0e07babcf623922f1eb0c85185bcd12b8002"
  
  "vtex.store-footer@http://vtex.vtexassets.com/_v/public/typings/v1/vtex.store-footer@2.27.0/public/@types/vtex.store-footer":
    version "2.27.0"
    resolved "http://vtex.vtexassets.com/_v/public/typings/v1/vtex.store-footer@2.27.0/public/@types/vtex.store-footer#81c4e23689a6d4e97d6b8b8de930f76c7dfdcbd9"
  
  "vtex.store-graphql@http://vtex.vtexassets.com/_v/public/typings/v1/vtex.store-graphql@2.161.2/public/@types/vtex.store-graphql":
    version "2.161.2"
    resolved "http://vtex.vtexassets.com/_v/public/typings/v1/vtex.store-graphql@2.161.2/public/@types/vtex.store-graphql#6348bb2c1fe66a47a2a0f5f600cbf84a4a43d144"
  
  "vtex.store-header@http://vtex.vtexassets.com/_v/public/typings/v1/vtex.store-header@2.29.0/public/@types/vtex.store-header":
    version "2.29.0"
    resolved "http://vtex.vtexassets.com/_v/public/typings/v1/vtex.store-header@2.29.0/public/@types/vtex.store-header#702033f782c6c25ae2fed42b5a3703db5fd1ac87"
  
  "vtex.store-icons@http://vtex.vtexassets.com/_v/public/typings/v1/vtex.store-icons@0.18.0/public/@types/vtex.store-icons":
    version "0.18.0"
    resolved "http://vtex.vtexassets.com/_v/public/typings/v1/vtex.store-icons@0.18.0/public/@types/vtex.store-icons#0ee94d549aa283ce3a13ab987c13eac4fdfd1bba"
  
  "vtex.store-image@http://vtex.vtexassets.com/_v/public/typings/v1/vtex.store-image@0.20.0/public/@types/vtex.store-image":
    version "0.20.0"
    resolved "http://vtex.vtexassets.com/_v/public/typings/v1/vtex.store-image@0.20.0/public/@types/vtex.store-image#c0b627efa82e3e224b1ed48416836213fb204952"
  
  "vtex.store-link@http://vtex.vtexassets.com/_v/public/typings/v1/vtex.store-link@0.9.3/public/@types/vtex.store-link":
    version "0.9.3"
    resolved "http://vtex.vtexassets.com/_v/public/typings/v1/vtex.store-link@0.9.3/public/@types/vtex.store-link#aedb5f66c1d478bcc14041f6232fa30a912a88fd"
  
  "vtex.store-locator@http://vtex.vtexassets.com/_v/public/typings/v1/vtex.store-locator@0.10.15/public/@types/vtex.store-locator":
    version "0.10.15"
    resolved "http://vtex.vtexassets.com/_v/public/typings/v1/vtex.store-locator@0.10.15/public/@types/vtex.store-locator#5064e614e23701e29650606bd93c38cc1a7bb5d6"
  
  "vtex.store-newsletter@http://vtex.vtexassets.com/_v/public/typings/v1/vtex.store-newsletter@1.3.0/public/@types/vtex.store-newsletter":
    version "1.3.0"
    resolved "http://vtex.vtexassets.com/_v/public/typings/v1/vtex.store-newsletter@1.3.0/public/@types/vtex.store-newsletter#29dd0374e8b44dbf734b7e14f31c2b11e1be71fc"
  
  "vtex.store@http://vtex.vtexassets.com/_v/public/typings/v1/vtex.store@2.131.1/public/@types/vtex.store":
    version "2.131.1"
    resolved "http://vtex.vtexassets.com/_v/public/typings/v1/vtex.store@2.131.1/public/@types/vtex.store#827708eeb47e82494554d5748a48bed3bea01184"
  
  "vtex.styleguide@http://vtex.vtexassets.com/_v/public/typings/v1/vtex.styleguide@9.146.4/public/@types/vtex.styleguide":
    version "9.146.4"
    resolved "http://vtex.vtexassets.com/_v/public/typings/v1/vtex.styleguide@9.146.4/public/@types/vtex.styleguide#0b5e5ec3e20bbcd4f93701376d007feba294c9d3"
  
  "vtex.tab-layout@http://vtex.vtexassets.com/_v/public/typings/v1/vtex.tab-layout@0.4.3/public/@types/vtex.tab-layout":
    version "0.4.3"
    resolved "http://vtex.vtexassets.com/_v/public/typings/v1/vtex.tab-layout@0.4.3/public/@types/vtex.tab-layout#579ee7ffabb55ce7ed271b0af1015f41c49b7f30"
  
  "vtex.telemarketing@http://vtex.vtexassets.com/_v/public/typings/v1/vtex.telemarketing@2.12.0/public/@types/vtex.telemarketing":
    version "2.12.0"
    resolved "http://vtex.vtexassets.com/_v/public/typings/v1/vtex.telemarketing@2.12.0/public/@types/vtex.telemarketing#beda975262b873b778bf5c56b9ff4c2b785f3453"
  
  "vtex.visibility-layout@http://vtex.vtexassets.com/_v/public/typings/v1/vtex.visibility-layout@0.2.1/public/@types/vtex.visibility-layout":
    version "0.2.1"
    resolved "http://vtex.vtexassets.com/_v/public/typings/v1/vtex.visibility-layout@0.2.1/public/@types/vtex.visibility-layout#ceb2926c8a9e2dbec9c4c637f2c3e2317ec9ec46"
  
  "vtex.wish-list@http://vtex.vtexassets.com/_v/public/typings/v1/vtex.wish-list@1.16.0/public/@types/vtex.wish-list":
    version "1.16.0"
    resolved "http://vtex.vtexassets.com/_v/public/typings/v1/vtex.wish-list@1.16.0/public/@types/vtex.wish-list#136ab3f6452cf2552f9c521257f0726e5e7fa2e3"
  
  warning@^4.0.0, warning@^4.0.2, warning@^4.0.3:
    version "4.0.3"
    resolved "https://registry.yarnpkg.com/warning/-/warning-4.0.3.tgz#16e9e077eb8a86d6af7d64aa1e05fd85b4678ca3"
    integrity sha512-rpJyN222KWIvHJ/F53XSZv0Zl/accqHR8et1kpaMTD/fLCRxtV8iX8czMzY7sVZupTI3zcUTg8eycS2kNF9l6w==
    dependencies:
      loose-envify "^1.0.0"
  
  whatwg-fetch@2.0.4:
    version "2.0.4"
    resolved "https://registry.yarnpkg.com/whatwg-fetch/-/whatwg-fetch-2.0.4.tgz#dde6a5df315f9d39991aa17621853d720b85566f"
    integrity sha512-dcQ1GWpOD/eEQ97k66aiEVpNnapVj90/+R+SXTPYGHpYBBypfKJEQjLrvMZ7YXbKm21gXd4NcuxUTjiv1YtLng==
  
  whatwg-fetch@>=0.10.0:
    version "3.6.2"
    resolved "https://registry.yarnpkg.com/whatwg-fetch/-/whatwg-fetch-3.6.2.tgz#dced24f37f2624ed0281725d51d0e2e3fe677f8c"
    integrity sha512-bJlen0FcuU/0EMLrdbJ7zOnW6ITZLrZMIarMUVmdKtsGvZna8vxKYaexICWPfZ8qwf9fzNq+UEIZrnSaApt6RA==
  
  which-boxed-primitive@^1.0.2:
    version "1.0.2"
    resolved "https://registry.yarnpkg.com/which-boxed-primitive/-/which-boxed-primitive-1.0.2.tgz#13757bc89b209b049fe5d86430e21cf40a89a8e6"
    integrity sha512-bwZdv0AKLpplFY2KZRX6TvyuN7ojjr7lwkg6ml0roIy9YeuSr7JS372qlNW18UQYzgYK9ziGcerWqZOmEn9VNg==
    dependencies:
      is-bigint "^1.0.1"
      is-boolean-object "^1.1.0"
      is-number-object "^1.0.4"
      is-string "^1.0.5"
      is-symbol "^1.0.3"
  
  xtend@^4.0.1:
    version "4.0.2"
    resolved "https://registry.yarnpkg.com/xtend/-/xtend-4.0.2.tgz#bb72779f5fa465186b1f438f674fa347fdb5db54"
    integrity sha512-LKYU1iAXJXUgAXn9URjiu+MWhyUXHsvfp7mcuYm9dSUKK0/CjtrUwFAxD82/mCWbtLsGjFIad0wIsod4zrTAEQ==
  
  yaml@^1.7.2:
    version "1.10.2"
    resolved "https://registry.yarnpkg.com/yaml/-/yaml-1.10.2.tgz#2301c5ffbf12b467de8da2333a459e29e7920e4b"
    integrity sha512-r3vXyErRCYJ7wg28yvBY5VSoAF8ZvlcW9/BwUzEtUsjvX/DKs24dIkuwjtuprwJJHsbyUbLApepYTR1BN4uHrg==
